GPS Waypoint,Height,Width ,Activity,Environment,Direction compared to tide,Part,Count,Elevation,Date Created,Oval Area_mm2,Longitude,Latitude
887,56,44.11,2,Dunes,down,South Beach,1,-4 m,"2018-10-21, 10:01 AM",1940.059127,-81.26455301,31.39024498
888,41.5,30.71,2,Dunes,down,South Beach,1,3 m,"2018-10-21, 10:04 AM",1000.96247,-81.26469098,31.39021698
889,31.31,27.21,2,Dunes,down,South Beach,1,2 m,"2018-10-21, 10:06 AM",669.1161169,-81.26469903,31.39021698
890,31.2,30.34,2,Dunes,up left,South Beach,1,2 m,"2018-10-21, 10:09 AM",743.4641847,-81.26468,31.39014096
891,20.31,16.71,3,Beach,left,South Beach,1,2 m,"2018-10-21, 10:13 AM",266.5485072,-81.26476801,31.38991599
892,21,26.98,2,Dunes,up,South Beach,1,3 m,"2018-10-21, 10:16 AM",444.9908914,-81.26460398,31.38982496
893,44.12,40.9,1,Beach,left,South Beach,1,1 m,"2018-10-21, 10:18 AM",1417.257269,-81.26466902,31.38982404
894,37.74,42.22,3,Beach,down right,South Beach,1,-0 m,"2018-10-21, 10:22 AM",1251.439925,-81.26463398,31.38972899
895,34.84,34.84,2,Beach,up left,South Beach,1,2 m,"2018-10-21, 10:28 AM",953.3363969,-81.26454002,31.38967602
896,34.62,45.42,3,Beach,down righ,South Beach,1,1 m,"2018-10-21, 10:30 AM",1234.991802,-81.26464999,31.38971901
897,52.58,57.1,2,Beach,up,South Beach,1,1 m,"2018-10-21, 10:33 AM",2358.015043,-81.26476298,31.38973997
898,29,21,3,Dunes,up right,South Beach,1,1 m,"2018-10-21, 10:35 AM",478.3074815,-81.26497597,31.38978297
899,20.81,20.11,1,Beach,down left,South Beach,1,0 m,"2018-10-21, 10:39 AM",328.6805705,-81.26479198,31.389716
900,10.02,10.04,3,Beach,down,South Beach,1,2 m,"2018-10-21, 10:41 AM",79.01168356,-81.264781,31.38968901
901,23.66,17.66,3,Beach,up left,South Beach,1,1 m,"2018-10-21, 10:43 AM",328.1673128,-81.26474203,31.38967702
902,40.2,43.8,2,Beach,up left,South Beach,1,1 m,"2018-10-21, 10:45 AM",1382.89767,-81.26474102,31.389659
903,44.8,44.8,1,Beach,up right,South Beach,1,2 m,"2018-10-21, 10:47 AM",1576.32553,-81.26467799,31.38966202
904,57.84,62.32,3,Beach,down left,South Beach,1,2 m,"2018-10-21, 10:49 AM",2831.037423,-81.26457003,31.38961701
905,24,21.18,3,Beach,down left,South Beach,1,2 m,"2018-10-21, 10:51 AM",399.2335944,-81.26467899,31.38960301
906,15.34,14.08,3,Beach,down right,South Beach,1,-0 m,"2018-10-21, 10:53 AM",169.6359502,-81.26471403,31.38960997
907,31.52,17.21,3,Beach,left,South Beach,1,4 m,"2018-10-21, 10:56 AM",426.0464594,-81.26479399,31.389615
908,25.45,26.72,1,Beach,up left,South Beach,1,2 m,"2018-10-21, 10:57 AM",534.0896007,-81.26480397,31.38961902
909,42.9,45.92,1,Beach,down left,South Beach,1,1 m,"2018-10-21, 10:58 AM",1547.209249,-81.264823,31.38961399
910,25.04,10.82,2,Beach,up left,South Beach,1,3 m,"2018-10-21, 10:59 AM",212.7901235,-81.26484001,31.38960896
911,30.86,26.8,3,Beach,down right,South Beach,1,2 m,"2018-10-21, 11:00 AM",649.5619802,-81.26483599,31.38959899
912,32.64,36.74,3,Beach,up right,South Beach,1,0 m,"2018-10-21, 11:02 AM",941.844451,-81.26484202,31.38963101
913,42.68,42.68,1,Dunes,up right,South Beach,1,2 m,"2018-10-21, 11:04 AM",1430.667471,-81.26494604,31.38969697
914,45.4,64.78,1,Dunes,down left,South Beach,1,2 m,"2018-10-21, 11:04 AM",2309.865423,-81.26496599,31.38969404
915,28.38,32.02,2,Beach,up right,South Beach,1,2 m,"2018-10-21, 11:07 AM",713.7129881,-81.26487203,31.389602
916,40.78,46.52,1,Beach,down right,South Beach,1,1 m,"2018-10-21, 11:09 AM",1489.967546,-81.26482601,31.38957803
917,42.52,42.78,1,Beach,up left,South Beach,1,3 m,"2018-10-21, 11:10 AM",1428.643657,-81.26480699,31.38955004
918,24.05,20.16,2,Beach,left,South Beach,1,2 m,"2018-10-21, 11:11 AM",380.7987287,-81.26477103,31.38953998
919,40.08,46.48,2,Beach,left,South Beach,1,1 m,"2018-10-21, 11:13 AM",1463.13269,-81.26478503,31.389529
920,10.38,10.04,3,Beach,right,South Beach,1,-2 m,"2018-10-21, 11:15 AM",81.85042668,-81.26486599,31.389543
921,21.14,34.42,3,Beach,up left,South Beach,1,1 m,"2018-10-21, 11:16 AM",571.4861771,-81.26488804,31.38953403
922,24.12,20.18,0,Dunes,up,South Beach,1,1 m,"2018-10-21, 11:18 AM",382.2859587,-81.265011,31.38963302
923,27.32,21.52,3,Dunes,down right,South Beach,1,2 m,"2018-10-21, 11:20 AM",461.7563148,-81.26515802,31.38972304
924,61.88,66.88,3,Dunes,up left,South Beach,1,2 m,"2018-10-21, 11:22 AM",3250.397317,-81.26513598,31.38969898
925,50.34,36.42,3,Dunes,down left,South Beach,1,2 m,"2018-10-21, 11:24 AM",1439.935484,-81.26509901,31.38968197
926,56.48,26.38,2,Dunes,up left,South Beach,1,2 m,"2018-10-21, 11:25 AM",1170.198025,-81.26511603,31.38965003
927,15.98,10.56,1,Beach,down left,South Beach,1,3 m,"2018-10-21, 11:27 AM",132.5349976,-81.26483096,31.38946999
928,40.7,40.7,1,Beach,down right,South Beach,1,1 m,"2018-10-21, 11:28 AM",1301.004204,-81.26481696,31.38945297
929,50.72,40.22,0,Beach,up right,South Beach,1,-2 m,"2018-10-21, 11:28 AM",1602.179581,-81.26482601,31.38943302
930,22.82,15.32,2,Beach,up,South Beach,1,1 m,"2018-10-21, 11:30 AM",274.5770829,-81.264896,31.38940402
931,42.62,30.98,2,Beach,up left,South Beach,1,3 m,"2018-10-21, 11:31 AM",1037.014288,-81.26490799,31.389386
932,38.16,32.52,3,Beach,up,South Beach,1,2 m,"2018-10-21, 11:36 AM",974.6502181,-81.26492299,31.38940796
933,18.28,22,2,Dunes,up right,South Beach,1,4 m,"2018-10-21, 11:38 AM",315.8557254,-81.26511896,31.38951601
934,73.24,55.68,3,Dunes,up right,South Beach,1,3 m,"2018-10-21, 11:41 AM",3202.856224,-81.26519096,31.38959404
935,45.26,55.4,2,Dunes,up left,South Beach,1,3 m,"2018-10-21, 11:42 AM",1969.310496,-81.26527403,31.38952799
936,27.76,26.38,1,Dunes,,South Beach,1,2 m,"2018-10-21, 11:44 AM",575.1539866,-81.26530403,31.38949497
937,63.52,58.18,2,Dunes,down right,South Beach,1,1 m,"2018-10-21, 11:45 AM",2902.512426,-81.26532096,31.38948097
938,32.78,48.98,1,Dunes,up left,South Beach,1,3 m,"2018-10-21, 11:47 AM",1261.007331,-81.265198,31.38945096
939,21.2,34.91,1,Beach,down left,South Beach,1,1 m,"2018-10-21, 11:49 AM",581.2668975,-81.265068,31.38935197
940,47.48,36.52,1,Beach,up left,South Beach,1,2 m,"2018-10-21, 11:50 AM",1361.856539,-81.265068,31.38934904
941,49.86,41.62,1,Beach,up,South Beach,1,1 m,"2018-10-21, 11:51 AM",1629.83722,-81.26497597,31.38929598
942,31.52,31.46,1,Beach,right,South Beach,1,-0 m,"2018-10-21, 11:51 AM",778.8158985,-81.26497102,31.38930897
943,36.94,64.16,1,Beach,up,South Beach,1,1 m,"2018-10-21, 11:52 AM",1861.448939,-81.26497404,31.38929497
944,40.06,47.38,1,Beach,up right,South Beach,1,-1 m,"2018-10-21, 11:56 AM",1490.719329,-81.26500103,31.38923303
945,45.82,50.22,2,Beach,down right,South Beach,1,2 m,"2018-10-21, 11:58 AM",1807.26432,-81.26513396,31.38927897
946,42.61,52.38,0,Dunes,up left,South Beach,1,2 m,"2018-10-21, 12:00 PM",1752.939429,-81.26526497,31.38940603
947,38.14,55.96,0,Dunes,,South Beach,1,3 m,"2018-10-21, 12:01 PM",1676.28661,-81.26527696,31.38940603
948,64.78,54.58,1,Dunes,,South Beach,1,1 m,"2018-10-21, 12:03 PM",2776.926317,-81.26524402,31.38937804
949,50.56,36.3,3,Dunes,,South Beach,1,1 m,"2018-10-21, 12:05 PM",1441.46324,-81.26529699,31.38930503
950,35.32,55.66,0,Dunes,,South Beach,1,2 m,"2018-10-21, 12:07 PM",1544.023046,-81.26536799,31.38923496
951,36,50.66,2,Dunes,,South Beach,1,2 m,"2018-10-21, 12:09 PM",1432.377754,-81.265399,31.38923798
952,50.59,42.49,3,Dunes,,South Beach,1,1 m,"2018-10-21, 12:11 PM",1688.267623,-81.26541099,31.38916497
953,54.51,40.47,2,Dunes,,South Beach,1,1 m,"2018-10-21, 12:12 PM",1732.603821,-81.26542498,31.38913496
954,37.89,32.34,2,Beach,,South Beach,1,-1 m,"2018-10-21, 12:13 PM",962.3975355,-81.265256,31.38904301
955,37.74,48.04,2,Beach,,South Beach,1,0 m,"2018-10-21, 12:14 PM",1423.950118,-81.26524804,31.38902198
956,59.64,46.5,2,Dunes,,South Beach,1,2 m,"2018-10-21, 12:18 PM",2178.113311,-81.26543102,31.389127
957,47.32,55.08,3,Dunes,,South Beach,1,-0 m,"2018-10-21, 12:23 PM",2047.050463,-81.26552003,31.38888401
958,61.69,90.26,0,Dunes,,South Beach,1,2 m,"2018-10-21, 12:24 PM",4373.206458,-81.265528,31.38890203
959,50.8,53.01,3,Dunes,,South Beach,1,1 m,"2018-10-21, 12:26 PM",2115.004997,-81.26552397,31.38894704
960,40.45,60.07,1,Dunes,,South Beach,1,1 m,"2018-10-21, 12:27 PM",1908.385197,-81.26558801,31.38888803
961,47.34,68.41,0,Dunes,,South Beach,1,1 m,"2018-10-21, 12:29 PM",2543.535043,-81.26544502,31.38888904
962,56.33,53.56,1,Beach,,South Beach,1,1 m,"2018-10-21, 12:31 PM",2369.573591,-81.26537302,31.38885903
963,5.29,12.94,3,Beach,,South Beach,1,6 m,"2018-10-21, 1:45 PM",53.76254632,-81.265371,31.388811
964,30.13,25.4,2,Dunes,,South Beach,1,6 m,"2018-10-21, 1:47 PM",601.0667852,-81.26558801,31.38878301
965,33.18,29.18,3,Dunes,,South Beach,1,5 m,"2018-10-21, 1:48 PM",760.4165328,-81.26559304,31.388796
966,27.51,34.12,3,Dunes,,South Beach,1,6 m,"2018-10-21, 1:49 PM",737.2070746,-81.26559304,31.38878804
967,46.42,54.58,2,Dunes,,South Beach,1,5 m,"2018-10-21, 1:53 PM",1989.887614,-81.26561701,31.38876096
968,34.68,29.94,1,Dunes,,South Beach,1,6 m,"2018-10-21, 1:55 PM",815.4939927,-81.26563403,31.38875199
969,45.69,64.71,1,Dunes,,South Beach,1,6 m,"2018-10-21, 2:05 PM",2322.108131,-81.26581198,31.388437
970,22.94,23.08,1,Dunes,,South Beach,1,5 m,"2018-10-21, 2:11 PM",415.8331417,-81.265945,31.38814699
971,50.68,34.64,2,Dunes,,South Beach,1,6 m,"2018-10-21, 2:16 PM",1378.80983,-81.26610802,31.38792998
972,35.54,37.84,1,Dunes,,South Beach,1,4 m,"2018-10-21, 2:17 PM",1056.22984,-81.26609897,31.38792596
973,39.74,38.76,2,Dunes,,South Beach,1,4 m,"2018-10-21, 2:19 PM",1209.766384,-81.266103,31.38788396
974,53.61,63.02,2,Dunes,,South Beach,1,4 m,"2018-10-21, 2:21 PM",2653.469423,-81.26616896,31.38786896
975,40.28,32.8,1,Dunes,,South Beach,1,3 m,"2018-10-21, 2:23 PM",1037.655487,-81.26617198,31.38787097
976,55.6,58.3,2,Dunes,,South Beach,1,4 m,"2018-10-21, 2:25 PM",2545.852439,-81.26618799,31.38789101
977,50.4,34.79,2,Dunes,,South Beach,1,3 m,"2018-10-21, 2:26 PM",1377.129706,-81.26620199,31.38788003
978,30.79,25.3,0,Dunes,,South Beach,1,5 m,"2018-10-21, 2:31 PM",611.8149591,-81.266205,31.38778799
979,30.74,28.8,1,Dunes,,South Beach,1,4 m,"2018-10-21, 2:32 PM",695.3224188,-81.26619603,31.38778699
980,33.24,64.62,3,Dunes,,South Beach,1,2 m,"2018-10-21, 2:38 PM",1687.010751,-81.26641296,31.38751198
981,24.52,26.42,1,Dunes,,South Beach,1,3 m,"2018-10-21, 2:41 PM",508.7953816,-81.26645898,31.38748197
982,48.26,44.93,2,Dunes,,South Beach,1,3 m,"2018-10-21, 2:43 PM",1702.995959,-81.266477,31.38747702
983,42.18,34.8,2,Dunes,,South Beach,1,4 m,"2018-10-21, 2:44 PM",1152.85769,-81.26650197,31.38748499
984,41.48,47.24,3,Dunes,,South Beach,1,4 m,"2018-10-21, 2:54 PM",1538.999639,-81.26663801,31.387157
985,24.62,32.14,3,Dunes,,South Beach,1,2 m,"2018-10-21, 2:57 PM",621.4751994,-81.26666299,31.387157
986,65.32,52,3,Dunes,,South Beach,1,3 m,"2018-10-21, 2:57 PM",2667.714818,-81.26665897,31.38713697
987,33.68,43.26,1,Dunes,,South Beach,1,3 m,"2018-10-21, 2:59 PM",1144.322611,-81.266679,31.387142
988,42.3,65.6,3,Dunes,,South Beach,1,2 m,"2018-10-21, 3:01 PM",2179.385656,-81.26662896,31.38710797
989,65.57,60.25,0,Dunes,,South Beach,1,2 m,"2018-10-21, 3:03 PM",3102.788094,-81.26664497,31.387113
990,37.84,44.38,1,Dunes,,South Beach,1,2 m,"2018-10-21, 3:13 PM",1318.949923,-81.26683096,31.38677504
991,34.5,40.72,1,Dunes,,South Beach,1,2 m,"2018-10-21, 3:22 PM",1103.358756,-81.26697304,31.38643901
992,36.42,41.06,2,Dunes,,South Beach,1,3 m,"2018-10-21, 3:39 PM",1174.488498,-81.26702501,31.38640498
993,28.51,30.7,1,Dunes,,South Beach,1,3 m,"2018-10-21, 3:42 PM",687.4252403,-81.26709701,31.386336
994,36.1,33.28,2,Dunes,,South Beach,1,-0 m,"2018-10-21, 3:44 PM",943.5836367,-81.26711302,31.38632904
995,60.03,52.97,2,Dunes,,South Beach,1,1 m,"2018-10-21, 3:45 PM",2497.400519,-81.26715199,31.38631999
996,45.53,66.74,2,Dunes,,South Beach,1,1 m,"2018-10-21, 3:47 PM",2386.567565,-81.26718996,31.38632099
997,46.24,35.54,1,Dunes,,South Beach,1,1 m,"2018-10-21, 3:52 PM",1290.699466,-81.26718703,31.38618001
998,32.28,30.94,2,Dunes,,South Beach,1,0 m,"2018-10-21, 3:53 PM",784.411075,-81.26719801,31.38618001
999,48.44,42.58,2,Dunes,,South Beach,1,0 m,"2018-10-21, 3:54 PM",1619.942774,-81.26722299,31.38619401
1000,33.67,27,2,Dunes,,South Beach,1,2 m,"2018-10-21, 3:56 PM",713.9976164,-81.26725903,31.38616601
1001,34.59,37.98,1,Dunes,,South Beach,1,1 m,"2018-10-21, 3:59 PM",1031.799715,-81.26737403,31.38605998
1002,36.38,34.96,3,Dunes,,South Beach,1,1 m,"2018-10-21, 4:00 PM",998.90457,-81.26738601,31.38605897
1003,40.18,25.7,3,Dunes,,South Beach,1,0 m,"2018-10-21, 4:02 PM",811.0225639,-81.26738601,31.38608797
1004,46.18,56.02,2,Dunes,,South Beach,1,0 m,"2018-10-21, 4:03 PM",2031.827876,-81.26738199,31.38608999
1005,46.92,41.08,3,Dunes,,South Beach,1,0 m,"2018-10-21, 4:09 PM",1513.834225,-81.26742499,31.38589997
1006,53.86,34.78,0,Dunes,,South Beach,1,-0 m,"2018-10-21, 4:10 PM",1471.247738,-81.26753798,31.38587901
1007,34.08,42.78,1,Dunes,,South Beach,1,-1 m,"2018-10-21, 4:12 PM",1145.065283,-81.26748702,31.38583199
1008,36.98,38.38,2,Dunes,,South Beach,1,1 m,"2018-10-21, 4:39 PM",1114.709644,-81.26763001,31.38574901
1009,45.76,43.04,1,Dunes,,South Beach,1,1 m,"2018-10-21, 4:39 PM",1546.849851,-81.26764703,31.38575496
1010,50.32,66.48,3,Dunes,,South Beach,1,1 m,"2018-10-21, 4:41 PM",2627.371742,-81.267743,31.38562496
1011,33.68,28.46,3,Dunes,,South Beach,1,1 m,"2018-10-21, 4:43 PM",752.8299007,-81.26776697,31.38556997
1012,68.88,74.41,2,Dunes,,South Beach,1,1 m,"2018-10-21, 4:47 PM",4025.448959,-81.26777099,31.38551398
1013,28.03,27.72,1,Dunes,,South Beach,1,1 m,"2018-10-21, 4:50 PM",610.2477756,-81.26786797,31.38533796
1014,43,43.93,2,Dunes,,South Beach,1,1 m,"2018-10-21, 4:54 PM",1483.609277,-81.26788197,31.38526998
1015,40.64,31.51,2,Dunes,,South Beach,1,0 m,"2018-10-21, 4:55 PM",1005.754499,-81.26789002,31.38526898
1016,50.56,71.19,2,Dunes,,South Beach,1,1 m,"2018-10-21, 4:57 PM",2826.93576,-81.26798297,31.38509103
1017,36.99,29.13,1,Dunes,,South Beach,1,0 m,"2018-10-21, 4:58 PM",846.281208,-81.267988,31.38509204
1018,33.64,57.34,1,Dunes,,South Beach,1,0 m,"2018-10-21, 5:03 PM",1514.96834,-81.26801499,31.38503102
1019,38.37,48.18,1,Dunes,,South Beach,1,1 m,"2018-10-21, 5:04 PM",1451.939352,-81.26809303,31.38503797
1020,35.74,62.19,3,Dunes,,South Beach,1,1 m,"2018-10-21, 5:06 PM",1745.681407,-81.26813804,31.38500302
1021,22.1,25.55,0,Dunes,,South Beach,1,1 m,"2018-10-21, 5:07 PM",443.479,-81.26813703,31.38502004
1022,41.34,47.27,3,Dunes,,South Beach,1,-0 m,"2018-10-21, 5:08 PM",1534.779381,-81.26809102,31.38496203
1023,34.19,26.61,2,Dunes,,South Beach,1,0 m,"2018-10-21, 5:12 PM",714.5520289,-81.26814198,31.384884
1024,33.68,37.04,2,Dunes,,South Beach,1,-0 m,"2018-10-21, 5:13 PM",979.7898637,-81.26813997,31.38491501
1025,32.05,37.04,1,Dunes,,South Beach,1,-0 m,"2018-10-21, 5:14 PM",932.3712925,-81.26814097,31.38491199
1026,39.99,28.28,2,Dunes,,South Beach,1,0 m,"2018-10-21, 5:16 PM",888.2202918,-81.26814499,31.38491803
1027,44.55,51.59,3,Dunes,,South Beach,1,0 m,"2018-10-21, 5:17 PM",1805.107695,-81.26817802,31.384942
1028,56.5,61.56,2,Dunes,,South Beach,1,-0 m,"2018-10-21, 5:19 PM",2731.724768,-81.26820803,31.38495801
1029,41.42,51.2,3,Dunes,,South Beach,1,-0 m,"2018-10-21, 5:20 PM",1665.597027,-81.26818699,31.38499204
1030,45.42,42.94,1,Dunes,,South Beach,1,-0 m,"2018-10-21, 5:22 PM",1531.78937,-81.26817601,31.38498601
1031,45.88,31.11,0,Dunes,,South Beach,1,-1 m,"2018-10-21, 5:23 PM",1121.019847,-81.26818104,31.38498399
1032,29.81,52.66,3,Dunes,,South Beach,1,-0 m,"2018-10-21, 5:24 PM",1232.913796,-81.26815799,31.38500101
1033,49.8,31.09,1,Dunes,,South Beach,1,-0 m,"2018-10-21, 5:25 PM",1216.017839,-81.26815304,31.384999
1034,34.84,35.21,3,Dunes,,South Beach,1,-0 m,"2018-10-21, 5:27 PM",963.4608076,-81.26814801,31.38497603
1035,47.08,48.65,1,Dunes,,South Beach,1,-1 m,"2018-10-21, 5:28 PM",1798.90894,-81.26815598,31.38496698
1036,31.3,33.61,1,Dunes,,South Beach,1,0 m,"2018-10-21, 5:30 PM",826.2333701,-81.26816897,31.38496899
1037,43.95,43.81,1,Dunes,,South Beach,1,-0 m,"2018-10-21, 5:31 PM",1512.244501,-81.26816997,31.38496396
1038,35.42,34.32,3,Beach,,South Beach,1,-2 m,"2018-10-22, 9:45 AM",954.7413172,-81.26510002,31.38922197
1039,18.68,14.68,3,Beach,,South Beach,1,-0 m,"2018-10-22, 9:47 AM",215.3737693,-81.26506699,31.38924996
1040,12.58,14.68,3,Beach,,South Beach,1,-0 m,"2018-10-22, 9:48 AM",145.0429346,-81.26513497,31.389113
1041,13.68,16.72,3,Beach,,South Beach,1,-1 m,"2018-10-22, 9:49 AM",179.6438078,-81.26522298,31.38898099
1042,22.44,23,3,Beach,,South Beach,1,-1 m,"2018-10-22, 9:51 AM",405.3597001,-81.26525098,31.388954
1043,20.01,22.13,3,Beach,,South Beach,1,-0 m,"2018-10-22, 9:52 AM",347.7910357,-81.26552599,31.38862199
1044,12.96,16.44,2,Beach,,South Beach,1,-0 m,"2018-10-22, 9:53 AM",167.3388176,-81.26553303,31.38862601
1045,15.73,21.12,3,Beach,,South Beach,1,-1 m,"2018-10-22, 9:54 AM",260.9230929,-81.26553898,31.38862501
1046,42.7,42.38,3,Beach,,South Beach,1,-0 m,"2018-10-22, 9:55 AM",1421.276937,-81.26553797,31.38858897
1047,22.18,20.86,3,Beach,,South Beach,1,-0 m,"2018-10-22, 9:57 AM",363.3839382,-81.26558499,31.38841798
1048,18.69,16.98,3,Beach,,South Beach,1,0 m,"2018-10-22, 9:58 AM",249.2509766,-81.265686,31.38819602
1049,14.89,10.58,3,Beach,,South Beach,1,1 m,"2018-10-22, 9:59 AM",123.7286421,-81.26573604,31.38815998
1050,12.53,12.06,3,Beach,,South Beach,1,0 m,"2018-10-22, 10:00 AM",118.6829302,-81.265945,31.38794398
1051,31.12,25.96,3,Beach,,South Beach,1,0 m,"2018-10-22, 10:01 AM",634.5036983,-81.26594198,31.38789503
1052,32.76,32.78,3,Beach,,South Beach,1,0 m,"2018-10-22, 10:03 AM",843.4177248,-81.26603401,31.38782001
1053,12.4,12.69,3,Beach,,South Beach,1,1 m,"2018-10-22, 10:03 AM",123.5871134,-81.26605497,31.387818
1054,10.69,7.6,3,Beach,,South Beach,1,1 m,"2018-10-22, 10:05 AM",63.80888839,-81.26606301,31.38778003
1055,32.79,27.3,3,Beach,,South Beach,1,1 m,"2018-10-22, 10:06 AM",703.0625177,-81.26610501,31.38780098
1056,9.51,9.23,3,Beach,,South Beach,1,0 m,"2018-10-22, 10:06 AM",68.94013021,-81.26612504,31.38778003
1057,28.45,26.79,3,Beach,,South Beach,1,0 m,"2018-10-22, 10:08 AM",598.6112379,-81.26611196,31.387732
1058,18.61,29.59,3,Beach,,South Beach,1,1 m,"2018-10-22, 10:10 AM",432.4951281,-81.26628396,31.387444
1059,29.9,36.43,3,Beach,,South Beach,1,-0 m,"2018-10-22, 10:11 AM",855.5004473,-81.26631699,31.38744903
1060,36.56,35.58,3,Beach,,South Beach,1,1 m,"2018-10-22, 10:13 AM",1021.649701,-81.26633098,31.38742204
1061,27.28,30.96,3,Beach,,South Beach,1,0 m,"2018-10-22, 10:14 AM",663.3384923,-81.26638102,31.38733897
1062,52.8,39.34,3,Beach,,South Beach,1,2 m,"2018-10-22, 10:15 AM",1631.391366,-81.26645604,31.38718097
1063,11.26,11.28,3,Beach,,South Beach,1,2 m,"2018-10-22, 10:17 AM",99.75561985,-81.26648999,31.38717502
1064,12.24,12.36,2,Beach,,South Beach,1,2 m,"2018-10-22, 10:18 AM",118.8200607,-81.26651497,31.38709598
1065,19.54,18.38,2,Beach,,South Beach,1,3 m,"2018-10-22, 10:19 AM",282.0719805,-81.266506,31.38705701
1066,22.28,20.87,3,Beach,,South Beach,1,3 m,"2018-10-22, 10:20 AM",365.1972654,-81.266449,31.38702499
1067,16.14,16.4,3,Beach,,South Beach,1,2 m,"2018-10-22, 10:22 AM",207.8917523,-81.26647901,31.38696497
1068,27.44,24.7,2,Beach,,South Beach,1,2 m,"2018-10-22, 10:23 AM",532.3177424,-81.26651103,31.38693304
1069,34.84,31.74,3,Beach,,South Beach,1,2 m,"2018-10-22, 10:23 AM",868.5102537,-81.26655696,31.38693698
1070,34.79,42.35,3,Beach,,South Beach,1,3 m,"2018-10-22, 10:25 AM",1157.171489,-81.26663701,31.38692097
1071,37.28,45.82,3,Beach,,South Beach,1,2 m,"2018-10-22, 10:26 AM",1341.593267,-81.26662896,31.38687202
1072,15.38,18.93,3,Beach,,South Beach,1,3 m,"2018-10-22, 10:27 AM",228.6634916,-81.26659099,31.38687403
1073,16.32,20.72,1,Beach,,South Beach,1,3 m,"2018-10-22, 10:28 AM",265.5827031,-81.26656702,31.38687504
1074,31.3,27.51,2,Beach,,South Beach,1,3 m,"2018-10-22, 10:30 AM",676.2772988,-81.26667598,31.38667798
1075,7.82,10.58,1,Beach,,South Beach,1,2 m,"2018-10-22, 10:31 AM",64.98038829,-81.26676399,31.38651101
1076,14.2,14.79,1,Beach,,South Beach,1,3 m,"2018-10-22, 10:33 AM",164.9477515,-81.266722,31.38647002
1077,16.91,15.84,3,Beach,,South Beach,1,2 m,"2018-10-22, 10:34 AM",210.3723538,-81.26675997,31.38644898
1078,29.64,25.19,3,Beach,,South Beach,1,3 m,"2018-10-22, 10:36 AM",586.4030874,-81.26716398,31.38608001
1079,38.62,33.68,3,Beach,,South Beach,1,2 m,"2018-10-22, 10:37 AM",1021.584356,-81.26720899,31.38603902
1080,14.82,16.08,3,Beach,,South Beach,1,3 m,"2018-10-22, 10:39 AM",187.1647806,-81.26728602,31.38582403
1081,22.03,20.18,3,Beach,,South Beach,1,3 m,"2018-10-22, 10:40 AM",349.1608487,-81.26728904,31.38581104
1082,17.08,16.37,3,Beach,,South Beach,1,2 m,"2018-10-22, 10:41 AM",219.5970123,-81.26736204,31.38584004
1083,26.19,34.98,2,Beach,,South Beach,1,3 m,"2018-10-22, 10:43 AM",719.5238349,-81.26747402,31.38565304
1084,38.38,41.25,3,Dunes,,South Beach,1,3 m,"2018-10-22, 10:45 AM",1243.422737,-81.26757897,31.385603
1085,53.81,43.34,3,Dunes,,South Beach,1,4 m,"2018-10-22, 10:47 AM",1831.647006,-81.26762196,31.38555497
1086,23.82,24.68,2,Dunes,,South Beach,1,3 m,"2018-10-22, 10:49 AM",461.7179873,-81.26767804,31.38546403
1087,27.29,27.08,2,Beach,,South Beach,1,4 m,"2018-10-22, 10:50 AM",580.41961,-81.26764803,31.38543704
1088,25.28,34.92,3,Beach,,South Beach,1,4 m,"2018-10-22, 10:51 AM",693.3319057,-81.26758802,31.38533503
1090,32.18,32.48,3,Dunes,,South Beach,1,3 m,"2018-10-22, 10:56 AM",820.9031869,-81.26779798,31.38534701
1091,37.04,27.96,1,Dunes,,South Beach,1,3 m,"2018-10-22, 10:57 AM",813.3884973,-81.26780704,31.38529404
1092,41.54,61.26,1,Beach,,South Beach,1,4 m,"2018-10-22, 11:00 AM",1998.634436,-81.26789496,31.38498299
1093,27.54,21,1,Beach,,South Beach,1,3 m,"2018-10-22, 11:01 AM",454.2271738,-81.26792698,31.38496304
1094,6.45,13.03,3,Beach,,South Beach,1,3 m,"2018-10-22, 11:04 AM",66.00761055,-81.268074,31.38471896
1095,26.68,25.69,0,Beach,,South Beach,1,3 m,"2018-10-22, 11:06 AM",538.3191269,-81.26802002,31.38468199
1096,10.59,10.1,3,Beach,,South Beach,1,4 m,"2018-10-22, 11:07 AM",84.00540216,-81.26794601,31.38463799
1097,14.79,9.18,3,Beach,,South Beach,1,5 m,"2018-10-22, 11:09 AM",106.6352365,-81.26813401,31.38464704
1098,10.18,11.74,2,Beach,,South Beach,1,3 m,"2018-10-22, 11:10 AM",93.86544778,-81.26813896,31.38467596
1099,39.19,54.29,3,Beach,,South Beach,1,3 m,"2018-10-22, 11:11 AM",1671.032846,-81.26813703,31.38471703
1101,40.82,32.46,3,Dunes,,South Beach,1,4 m,"2018-10-22, 11:15 AM",1040.666075,-81.26825304,31.38480202
1102,37.4,46.51,2,Dunes,,South Beach,1,4 m,"2018-10-22, 11:16 AM",1366.179685,-81.268217,31.38478803
1103,19.94,14.2,3,Dunes,,South Beach,1,5 m,"2018-10-22, 11:18 AM",222.3839192,-81.26828497,31.38470798
1104,49.55,47.62,1,Dunes,,South Beach,1,6 m,"2018-10-22, 11:19 AM",1853.20273,-81.26835798,31.38463003
1105,39.82,39.6,3,Dunes,,South Beach,1,6 m,"2018-10-22, 11:21 AM",1238.472373,-81.26832697,31.38461201
1106,47.68,50.68,2,Dunes,,South Beach,1,6 m,"2018-10-22, 11:24 AM",1897.853715,-81.268376,31.384496
1107,52.68,56.8,0,Dunes,,South Beach,1,5 m,"2018-10-22, 11:26 AM",2350.087234,-81.26843199,31.38453204
1108,25.56,32.09,0,Dunes,,South Beach,1,7 m,"2018-10-22, 11:28 AM",644.1995957,-81.26847197,31.384511
1109,44.82,42.94,2,Dunes,,South Beach,1,5 m,"2018-10-22, 11:44 AM",1511.554372,-81.26897103,31.38390901
1110,34.78,40.2,1,Dunes,,South Beach,1,5 m,"2018-10-22, 11:47 AM",1098.109155,-81.268995,31.38377097
1111,42,52.92,3,Dunes,,South Beach,1,5 m,"2018-10-22, 11:48 AM",1745.657374,-81.26909601,31.38380399
1112,34.68,40.3,0,Dunes,,South Beach,1,5 m,"2018-10-22, 11:52 AM",1097.675615,-81.26912098,31.38380801
1113,39.86,42.42,1,Dunes,,South Beach,1,6 m,"2018-10-22, 11:54 AM",1327.999281,-81.269138,31.38366301
1114,51.43,54,1,Dunes,,South Beach,1,5 m,"2018-10-22, 11:55 AM",2181.223487,-81.26917304,31.38364297
1115,56.18,57,0,Dunes,,South Beach,1,4 m,"2018-10-22, 11:56 AM",2515.049123,-81.26919399,31.38364004
1116,43.14,47.76,3,Dunes,,South Beach,1,4 m,"2018-10-22, 11:59 AM",1618.207986,-81.26929801,31.38345203
1117,39.18,39.74,2,Dunes,,South Beach,1,4 m,"2018-10-22, 12:00 PM",1222.875308,-81.26930597,31.38344902
1118,50.84,39.41,3,Dunes,,South Beach,1,3 m,"2018-10-22, 12:02 PM",1573.627216,-81.26925501,31.38343301
1119,18.68,27.44,3,Dunes,,South Beach,1,4 m,"2018-10-22, 12:04 PM",402.5787623,-81.26932299,31.383346
1120,53.88,45.4,2,Dunes,,South Beach,1,4 m,"2018-10-22, 12:06 PM",1921.203288,-81.269483,31.38329102
1121,29.12,37.36,1,Dunes,,South Beach,1,4 m,"2018-10-22, 12:07 PM",854.4528832,-81.26949901,31.383273
1122,36.61,45.1,0,Dunes,,South Beach,1,4 m,"2018-10-22, 12:16 PM",1296.779547,-81.27122702,31.38176601
1123,39.62,48.68,0,Dunes,,South Beach,1,4 m,"2018-10-22, 12:17 PM",1514.798694,-81.27129802,31.38175
1124,38.98,42.22,1,Dunes,,South Beach,1,5 m,"2018-10-22, 12:21 PM",1292.557718,-81.27125803,31.38173198
1125,45.68,40.52,0,Dunes,,South Beach,1,5 m,"2018-10-22, 12:22 PM",1453.735558,-81.27123096,31.38173399
1126,24.56,22.1,1,Dunes,,South Beach,1,5 m,"2018-10-22, 12:24 PM",426.2952735,-81.271151,31.38167197
1127,29.1,30.1,0,Dunes,,South Beach,1,6 m,"2018-10-22, 12:34 PM",687.9381053,-81.271482,31.38160097
1128,30.3,29.16,2,Dunes,,South Beach,1,4 m,"2018-10-22, 12:36 PM",693.9369765,-81.27154402,31.38147399
1129,48.62,59.21,0,Dunes,,South Beach,1,5 m,"2018-10-22, 12:37 PM",2260.996536,-81.27163497,31.38144599
1130,39.29,56.1,2,Dunes,,South Beach,1,4 m,"2018-10-22, 12:39 PM",1731.150284,-81.27165902,31.38142504
1131,44.5,55.88,2,Dunes,,South Beach,1,6 m,"2018-10-22, 12:40 PM",1953.018197,-81.271785,31.38138799
1132,57.64,52.37,0,Dunes,,South Beach,1,6 m,"2018-10-22, 12:41 PM",2370.808237,-81.27177503,31.38137198
1133,71.19,68.09,0,Dunes,,South Beach,1,6 m,"2018-10-22, 12:43 PM",3807.081802,-81.27177402,31.38134298
1134,30.3,63.7,0,Dunes,,South Beach,1,6 m,"2018-10-22, 12:44 PM",1515.904849,-81.271755,31.38132898
1135,39.61,30.17,1,Dunes,,South Beach,1,5 m,"2018-10-22, 12:46 PM",938.5772732,-81.271726,31.38133502
1136,42.25,51.34,0,Dunes,,South Beach,1,6 m,"2018-10-22, 12:47 PM",1703.618937,-81.27170303,31.38132999
1137,45.86,41.14,0,Dunes,,South Beach,1,6 m,"2018-10-22, 12:48 PM",1481.795321,-81.27157303,31.38122496
1138,53.62,48.68,0,Dunes,,South Beach,1,5 m,"2018-10-22, 12:56 PM",2050.063251,-81.27285001,31.38042801
1139,33.76,40.79,1,Dunes,,South Beach,1,5 m,"2018-10-22, 12:59 PM",1081.548563,-81.27385399,31.38008603
1140,50.34,47.5,1,Beach,,South Beach,1,5 m,"2018-10-22, 1:01 PM",1878.004818,-81.27422104,31.37994898
1141,33.39,34.1,2,Dunes,,South Beach,1,6 m,"2018-10-22, 1:02 PM",894.2535634,-81.27424702,31.37995603
1142,61.82,50.19,0,Dunes,,South Beach,1,5 m,"2018-10-22, 1:03 PM",2436.890853,-81.274258,31.379952
1143,24.5,30.24,0,Dunes,,South Beach,1,6 m,"2018-10-22, 1:05 PM",581.8857913,-81.27433101,31.37991504
1144,35.17,36.83,1,Beach,,South Beach,1,5 m,"2018-10-22, 1:06 PM",1017.334959,-81.27433604,31.37988101
1145,32.68,32.68,1,Beach,,South Beach,1,5 m,"2018-10-22, 1:07 PM",838.7914155,-81.27433101,31.37989501
1146,48.32,48.32,1,Dunes,,South Beach,1,4 m,"2018-10-22, 1:08 PM",1833.765225,-81.27438197,31.37988503
1147,26.24,47.68,0,Dunes,,South Beach,1,5 m,"2018-10-22, 1:10 PM",982.6298635,-81.27440996,31.37984002
1148,35.82,39.16,1,Dunes,,South Beach,1,5 m,"2018-10-22, 1:15 PM",1101.6868,-81.27446897,31.37983399
1149,34.68,37.84,2,Dunes,,South Beach,1,5 m,"2018-10-22, 1:16 PM",1030.671098,-81.27446998,31.37983399
1150,46.64,56.24,1,Dunes,,South Beach,1,4 m,"2018-10-22, 1:17 PM",2060.125772,-81.27445104,31.37985804
1151,54.78,58.74,2,Dunes,,South Beach,1,5 m,"2018-10-22, 1:19 PM",2527.236303,-81.27452304,31.37988897
1152,53.88,43.66,2,Dunes,,South Beach,1,5 m,"2018-10-22, 1:19 PM",1847.571268,-81.27452496,31.37989098
1153,73.96,69.76,1,Dunes,,South Beach,1,5 m,"2018-10-22, 1:20 PM",4052.22224,-81.274517,31.37989702
1154,50.56,50.96,2,Dunes,,South Beach,1,6 m,"2018-10-22, 1:21 PM",2023.607899,-81.27456,31.379922
1155,40.62,34.78,1,Dunes,,South Beach,1,5 m,"2018-10-22, 1:22 PM",1109.581937,-81.27457199,31.37991898
1156,26.82,35.08,1,Dunes,,South Beach,1,5 m,"2018-10-22, 1:23 PM",738.9384063,-81.27459303,31.37992803
1157,58.93,66.88,1,Dunes,,South Beach,1,6 m,"2018-10-22, 1:24 PM",3095.441401,-81.27463896,31.37989501
1158,39.58,39.61,2,Dunes,,South Beach,1,6 m,"2018-10-22, 1:26 PM",1231.318809,-81.27460199,31.379894
1159,36.04,36.96,1,Dunes,,South Beach,1,7 m,"2018-10-22, 1:27 PM",1046.180513,-81.27461901,31.37986097
1187,15.94,14.31,1,Beach,,South Beach,1,15 m,"2018-10-23, 3:50 PM",179.1504206,-81.274862,31.379146
1188,41.37,42.18,2,Beach,,South Beach,1,14 m,"2018-10-23, 3:51 PM",1370.509271,-81.27489603,31.37913602
1191,49.44,39.18,1,Beach,,South Beach,1,12 m,"2018-10-23, 3:56 PM",1521.362738,-81.27516702,31.37951296
1192,36.68,35.04,1,Beach,,South Beach,1,12 m,"2018-10-23, 3:56 PM",1009.446498,-81.27518303,31.37950801
1193,44.52,33.79,1,Beach,,South Beach,1,11 m,"2018-10-23, 3:57 PM",1181.498647,-81.27514598,31.379505
1194,61.08,52.98,2,Beach,,South Beach,1,11 m,"2018-10-23, 3:58 PM",2541.562908,-81.27522603,31.37957599
1196,28.96,28.14,3,Beach,,South Beach,1,9 m,"2018-10-23, 4:10 PM",640.047981,-81.28150298,31.38002199
1197,15.91,12.46,2,Beach,,South Beach,1,7 m,"2018-10-23, 4:14 PM",155.6962324,-81.28153299,31.37990498
1198,28.43,24.9,3,Beach,,South Beach,1,6 m,"2018-10-23, 4:15 PM",555.9888577,-81.28148496,31.37990699
1199,31.84,21.16,3,Beach,,South Beach,1,6 m,"2018-10-23, 4:16 PM",529.1497604,-81.28145101,31.37991001
1200,25.29,19.66,2,Beach,,South Beach,1,6 m,"2018-10-23, 4:17 PM",390.5010664,-81.28143299,31.37990196
1201,19.72,22.34,2,Beach,,South Beach,1,6 m,"2018-10-23, 4:18 PM",346.0030768,-81.28142503,31.379879
1202,55.28,58.46,3,Beach,,South Beach,1,7 m,"2018-10-23, 4:18 PM",2538.14674,-81.28142503,31.37986701
1203,20.89,16.34,3,Beach,,South Beach,1,6 m,"2018-10-23, 4:20 PM",268.0898511,-81.28149703,31.37972804
1204,34.66,27.76,2,Beach,,South Beach,1,6 m,"2018-10-23, 4:21 PM",755.6799535,-81.28146099,31.37972997
1205,20.82,31.04,3,Beach,,South Beach,1,6 m,"2018-10-23, 4:24 PM",507.5657622,-81.28146904,31.37974304
1206,25.52,20.49,2,Beach,,South Beach,1,6 m,"2018-10-23, 4:25 PM",410.6884696,-81.28144297,31.37972301
1207,26.76,62.68,3,Beach,,South Beach,1,6 m,"2018-10-23, 4:26 PM",1317.361534,-81.28139896,31.37972401
1208,25.19,32.68,2,Beach,,South Beach,1,4 m,"2018-10-23, 4:27 PM",646.5469938,-81.28140802,31.37969401
1209,22.19,16.22,3,Beach,,South Beach,1,4 m,"2018-10-23, 4:28 PM",282.6819207,-81.28144297,31.37968403
1210,27.68,27.42,2,Beach,,South Beach,1,5 m,"2018-10-23, 4:29 PM",596.1058963,-81.28150097,31.37967599
1211,10.18,10.18,3,Beach,,South Beach,1,5 m,"2018-10-23, 4:29 PM",81.39269663,-81.28148102,31.37962402
1212,27.48,18.76,3,Beach,,South Beach,1,5 m,"2018-10-23, 4:31 PM",404.8922311,-81.28139896,31.37952201
1213,32.48,26.64,3,Beach,,South Beach,1,4 m,"2018-10-23, 4:32 PM",679.5792697,-81.28141296,31.37950399
1215,36.28,31.94,3,Beach,,South Beach,1,0 m,"2018-10-24, 9:56 AM",910.1061971,-81.26981702,31.38244403
1216,45.14,42.22,3,Dunes,,South Beach,1,0 m,"2018-10-24, 10:00 AM",1496.820302,-81.27003402,31.382597
1217,30.42,32.42,3,Dunes,,South Beach,1,-0 m,"2018-10-24, 10:01 AM",774.5725493,-81.27009597,31.38254503
1218,33.67,37.76,1,Dunes,,South Beach,1,-0 m,"2018-10-24, 10:02 AM",998.5388887,-81.27006001,31.38254603
1219,40,43.98,0,Dunes,,South Beach,1,-2 m,"2018-10-24, 10:03 AM",1381.672449,-81.26996202,31.382511
1220,20.48,19.22,3,Beach,,South Beach,1,-0 m,"2018-10-24, 10:05 AM",309.1528233,-81.26987603,31.38235099
1221,34.04,29.62,1,Beach,,South Beach,1,-2 m,"2018-10-24, 10:07 AM",791.8893221,-81.269872,31.38237001
1222,18.82,20.32,3,Beach,,South Beach,1,-0 m,"2018-10-24, 10:08 AM",300.3538506,-81.269914,31.38237697
1223,16.33,18.4,3,Beach,,South Beach,1,0 m,"2018-10-24, 10:08 AM",235.990157,-81.26996697,31.38238996
1224,54.96,46.34,3,Dunes,,South Beach,1,-0 m,"2018-10-24, 10:10 AM",2000.288485,-81.27004903,31.38246104
1225,50.23,52.72,2,Dunes,,South Beach,1,-0 m,"2018-10-24, 10:11 AM",2079.832983,-81.27011701,31.38250404
1226,29.72,30.23,3,Dunes,,South Beach,1,-0 m,"2018-10-24, 10:12 AM",705.6296702,-81.27009597,31.38249499
1227,52.3,49.39,2,Dunes,,South Beach,1,0 m,"2018-10-24, 10:14 AM",2028.75964,-81.27020904,31.38248099
1228,50.31,53.33,2,Dunes,,South Beach,1,-0 m,"2018-10-24, 10:15 AM",2107.248641,-81.27015498,31.38242701
1229,54.68,42.88,3,Beach,,South Beach,1,0 m,"2018-10-24, 10:19 AM",1841.506109,-81.27006202,31.38234001
1230,32.02,25.69,1,Beach,,South Beach,1,1 m,"2018-10-24, 10:20 AM",646.0636597,-81.269987,31.38225401
1231,16.8,13.96,3,Beach,,South Beach,1,-0 m,"2018-10-24, 10:21 AM",184.1978605,-81.26997602,31.38223104
1232,52.08,44.68,3,Beach,,South Beach,1,1 m,"2018-10-24, 10:22 AM",1827.570004,-81.27008297,31.38219601
1233,17.54,15.33,3,Beach,,South Beach,1,1 m,"2018-10-24, 10:23 AM",211.1842984,-81.270101,31.38221503
1234,32.67,32.84,3,Beach,,South Beach,1,-1 m,"2018-10-24, 10:25 AM",842.6401807,-81.27018297,31.38225401
1235,57.04,42.89,3,Dunes,,South Beach,1,2 m,"2018-10-24, 10:27 AM",1921.433881,-81.27034902,31.38238904
1236,36,32.68,0,Dunes,,South Beach,1,1 m,"2018-10-24, 10:29 AM",924.0052313,-81.27038003,31.38231796
1237,37.14,37.81,2,Dunes,,South Beach,1,2 m,"2018-10-24, 10:30 AM",1102.905895,-81.27036704,31.38231101
1238,22.89,20.16,3,Dunes,,South Beach,1,1 m,"2018-10-24, 10:31 AM",362.4317214,-81.27031398,31.382224
1239,35.08,36.84,1,Beach,,South Beach,1,1 m,"2018-10-24, 10:33 AM",1015.007117,-81.27020803,31.38215401
1240,30.36,26.67,3,Beach,,South Beach,1,1 m,"2018-10-24, 10:34 AM",635.9378354,-81.27020099,31.38204002
1241,18.58,18.54,3,Beach,,South Beach,1,1 m,"2018-10-24, 10:35 AM",270.5486186,-81.27032697,31.38214001
1242,48.88,52.18,1,Dunes,,South Beach,1,1 m,"2018-10-24, 10:37 AM",2003.203883,-81.27047298,31.38228896
1243,46.52,62.74,3,Dunes,,South Beach,1,2 m,"2018-10-24, 10:38 AM",2292.313973,-81.27048003,31.38230799
1244,44.14,40.18,1,Dunes,,South Beach,1,2 m,"2018-10-24, 10:39 AM",1392.939143,-81.27051397,31.38226499
1245,49.84,36.32,0,Dunes,,South Beach,1,2 m,"2018-10-24, 10:40 AM",1421.718959,-81.27048103,31.38216801
1246,37.86,40.19,0,Dunes,,South Beach,1,2 m,"2018-10-24, 10:41 AM",1195.056662,-81.27041297,31.38218603
1247,40.42,46.28,3,Beach,,South Beach,1,1 m,"2018-10-24, 10:43 AM",1469.195335,-81.27025598,31.38202703
1248,8.38,9.54,3,Beach,,South Beach,1,2 m,"2018-10-24, 10:44 AM",62.78881325,-81.27022002,31.38195997
1249,16.09,18.69,3,Beach,,South Beach,1,2 m,"2018-10-24, 10:45 AM",236.186585,-81.27022597,31.38197104
1250,38.65,36.41,2,Beach,,South Beach,1,1 m,"2018-10-24, 10:45 AM",1105.248817,-81.27024902,31.38194203
1251,40.19,32.24,3,Beach,,South Beach,1,2 m,"2018-10-24, 10:46 AM",1017.660507,-81.27040098,31.38208302
1252,44.55,49.24,2,Dunes,,South Beach,1,3 m,"2018-10-24, 10:48 AM",1722.882398,-81.27047801,31.38211101
1253,47.44,50.59,3,Dunes,,South Beach,1,3 m,"2018-10-24, 10:50 AM",1884.947424,-81.27055303,31.38211898
1254,43.02,52.49,1,Dunes,,South Beach,1,3 m,"2018-10-24, 10:52 AM",1773.523144,-81.27066703,31.38213901
1255,33.94,34.66,2,Beach,,South Beach,1,1 m,"2018-10-24, 10:56 AM",923.9112977,-81.27055203,31.381993
1256,27.74,32.38,2,Beach,,South Beach,1,2 m,"2018-10-24, 10:57 AM",705.4612808,-81.27046402,31.38192996
1257,30.84,30.37,3,Beach,,South Beach,1,1 m,"2018-10-24, 10:58 AM",735.6124021,-81.27046997,31.381937
1258,29.82,30,1,Beach,,South Beach,1,2 m,"2018-10-24, 10:59 AM",702.617197,-81.27043602,31.38178303
1259,19.72,18.84,2,Beach,,South Beach,1,2 m,"2018-10-24, 11:00 AM",291.7948956,-81.27047902,31.38178202
1260,37.97,34.74,3,Beach,,South Beach,1,1 m,"2018-10-24, 11:01 AM",1036.001281,-81.27048296,31.38182301
1261,35.94,41.14,3,Beach,,South Beach,1,2 m,"2018-10-24, 11:02 AM",1161.267419,-81.27053602,31.38184899
1262,40.18,35.14,1,Dunes,,South Beach,1,2 m,"2018-10-24, 11:03 AM",1108.923459,-81.27061296,31.381936
1263,47.69,45.36,3,Dunes,,South Beach,1,1 m,"2018-10-24, 11:04 AM",1698.987758,-81.27078798,31.38195201
1264,32.48,48.31,3,Dunes,,South Beach,1,3 m,"2018-10-24, 11:05 AM",1232.37517,-81.27082402,31.38191697
1265,56.34,44.96,2,Dunes,,South Beach,1,2 m,"2018-10-24, 11:07 AM",1989.44999,-81.270748,31.38188596
1266,15.04,11.66,3,Beach,,South Beach,1,3 m,"2018-10-24, 11:09 AM",137.7324485,-81.27061103,31.38175503
1267,18.34,18.78,3,Beach,,South Beach,1,3 m,"2018-10-24, 11:10 AM",270.5109195,-81.27055798,31.381605
1268,69.18,85.1,2,Dunes,,South Beach,1,2 m,"2018-10-24, 11:13 AM",4623.810205,-81.27090398,31.38178697
1269,52.74,49.82,1,Dunes,,South Beach,1,4 m,"2018-10-24, 11:16 AM",2063.639015,-81.27111202,31.38183198
1270,23.22,23.78,2,Dunes,,South Beach,1,3 m,"2018-10-24, 11:17 AM",433.6745605,-81.27106198,31.38173399
1271,27.22,32.68,3,Beach,,South Beach,1,4 m,"2018-10-24, 11:20 AM",698.6506221,-81.27102502,31.381261
1272,35.78,32.68,3,Dunes,,South Beach,1,3 m,"2018-10-24, 11:34 AM",918.3585326,-81.27579901,31.37927701
1273,32.66,37.42,3,Dunes,,South Beach,1,2 m,"2018-10-24, 11:35 AM",959.8643123,-81.27578904,31.37929201
1274,28.84,34.29,3,Dunes,,South Beach,1,3 m,"2018-10-24, 11:35 AM",776.6987792,-81.27577001,31.37929402
1275,37.36,30.96,3,Dunes,,South Beach,1,2 m,"2018-10-24, 11:36 AM",908.4430379,-81.27578602,31.37929603
1276,28.84,24.48,1,Dunes,,South Beach,1,3 m,"2018-10-24, 11:38 AM",554.4936166,-81.27578401,31.37929302
1277,56.46,42.38,2,Dunes,,South Beach,1,3 m,"2018-10-24, 11:39 AM",1879.280933,-81.27583204,31.37932504
1278,22.22,30.18,0,Dunes,,South Beach,1,4 m,"2018-10-24, 11:44 AM",526.6876942,-81.275826,31.37932604
1279,30.6,33.48,1,Dunes,,South Beach,1,2 m,"2018-10-24, 11:45 AM",804.6309936,-81.27583497,31.37931598
1280,42.62,38.8,1,Dunes,,South Beach,1,2 m,"2018-10-24, 11:46 AM",1298.778385,-81.275825,31.37931598
1281,32.34,49.08,2,Dunes,,South Beach,1,3 m,"2018-10-24, 11:46 AM",1246.621036,-81.27582097,31.37931003
1282,48.78,44.39,3,Dunes,,South Beach,1,2 m,"2018-10-24, 11:47 AM",1700.657358,-81.27583598,31.37930802
1283,36.59,34.59,0,Dunes,,South Beach,1,3 m,"2018-10-24, 11:49 AM",994.0376932,-81.275839,31.37931297
1284,47.04,46.42,1,Dunes,,South Beach,1,2 m,"2018-10-24, 11:51 AM",1714.992916,-81.27590102,31.37939301
1285,47.24,47.84,3,Beach,,South Beach,1,1 m,"2018-10-24, 11:52 AM",1774.96969,-81.27567697,31.37905799
1286,42.28,41.34,3,Beach,,South Beach,1,2 m,"2018-10-24, 11:53 AM",1372.762264,-81.27557899,31.37899596
1287,26.38,26.22,3,Beach,,South Beach,1,2 m,"2018-10-24, 11:55 AM",543.2470291,-81.27570497,31.37891097
1288,28.79,28.81,3,Beach,,South Beach,1,1 m,"2018-10-24, 12:13 PM",651.4405741,-81.27586699,31.37886001
1289,41.33,42.84,2,Beach,,South Beach,1,2 m,"2018-10-24, 12:15 PM",1390.608081,-81.27590002,31.37889496
1290,47.31,45.36,3,Beach,,South Beach,1,2 m,"2018-10-24, 12:16 PM",1685.450007,-81.27588602,31.37894701
1291,29.79,24.54,2,Beach,,South Beach,1,2 m,"2018-10-24, 12:16 PM",574.162657,-81.27586003,31.37898297
1292,27.39,36.74,3,Beach,,South Beach,1,2 m,"2018-10-24, 12:17 PM",790.3529263,-81.27590898,31.37901197
1293,28.89,36.74,2,Beach,,South Beach,1,2 m,"2018-10-24, 12:18 PM",833.636219,-81.27594503,31.37905799
1294,26.14,28.17,0,Beach,,South Beach,1,1 m,"2018-10-24, 12:19 PM",578.3387761,-81.27593396,31.37914298
1295,46.72,44.78,2,Beach,,South Beach,1,2 m,"2018-10-24, 12:21 PM",1643.148462,-81.27609003,31.37933702
1296,45.28,34.69,0,Beach,,South Beach,1,2 m,"2018-10-24, 12:22 PM",1233.674532,-81.27606003,31.379348
1297,42.28,47.5,2,Dunes,,South Beach,1,2 m,"2018-10-24, 12:23 PM",1577.315132,-81.27618399,31.37933903
1298,28.18,32.52,1,Dunes,,South Beach,1,2 m,"2018-10-24, 12:25 PM",719.7495584,-81.27621501,31.379319
1299,40.18,50.96,1,Dunes,,South Beach,1,2 m,"2018-10-24, 12:26 PM",1608.159917,-81.27623102,31.37929897
1300,42.34,40.16,3,Dunes,,South Beach,1,2 m,"2018-10-24, 12:27 PM",1335.470931,-81.27626999,31.37929201
1301,47.02,43.01,1,Dunes,,South Beach,1,3 m,"2018-10-24, 12:28 PM",1588.334425,-81.27629103,31.37926703
1302,28.71,32.64,0,Dunes,,South Beach,1,1 m,"2018-10-24, 12:29 PM",735.9922207,-81.27629397,31.37928296
1303,38.1,30.46,3,Beach,,South Beach,1,1 m,"2018-10-24, 12:30 PM",911.474989,-81.27620302,31.37897199
1304,26.32,28.04,3,Beach,,South Beach,1,4 m,"2018-10-24, 12:31 PM",579.6338977,-81.27619397,31.378917
1305,54.46,42.82,2,Beach,,South Beach,1,4 m,"2018-10-24, 12:32 PM",1831.53061,-81.27623001,31.378916
1306,50.24,50.65,1,Beach,,South Beach,1,2 m,"2018-10-24, 12:33 PM",1998.568149,-81.27621199,31.37892203
1307,57.34,43.99,2,Beach,,South Beach,1,4 m,"2018-10-24, 12:34 PM",1981.077803,-81.27624803,31.37890502
1308,42.8,38.88,1,Beach,,South Beach,1,3 m,"2018-10-24, 12:36 PM",1306.952809,-81.27627804,31.37896101
1309,34.51,34.41,3,Beach,,South Beach,1,3 m,"2018-10-24, 12:37 PM",932.6517582,-81.276286,31.37901298
1310,19.09,19.89,0,Beach,,South Beach,1,2 m,"2018-10-24, 12:38 PM",298.2157612,-81.27626496,31.37909101
1311,37.02,29.59,1,Dunes,,South Beach,1,3 m,"2018-10-24, 12:40 PM",860.3422699,-81.27639597,31.37916997
1312,34.3,44.84,2,Dunes,,South Beach,1,3 m,"2018-10-24, 12:41 PM",1207.9518,-81.27643503,31.37918296
1313,26.2,34.98,2,Dunes,,South Beach,1,3 m,"2018-10-24, 12:42 PM",719.7985672,-81.27646202,31.37919503
1314,34.5,33.49,2,Dunes,,South Beach,1,2 m,"2018-10-24, 12:44 PM",907.452965,-81.27642103,31.37922596
1315,29.28,39.54,2,Dunes,,South Beach,1,3 m,"2018-10-24, 12:45 PM",909.2799582,-81.27641399,31.379275
1316,36.86,35.49,3,Dunes,,South Beach,1,2 m,"2018-10-24, 12:46 PM",1027.427561,-81.27644601,31.37928698
1317,47.8,45.12,1,Dunes,,South Beach,1,3 m,"2018-10-24, 12:47 PM",1693.896493,-81.276444,31.37934297
1318,34.68,32.09,2,Dunes,,South Beach,1,3 m,"2018-10-24, 12:48 PM",874.0548506,-81.27644702,31.37935001
1319,57.56,47.42,3,Dunes,,South Beach,1,4 m,"2018-10-24, 12:51 PM",2143.740517,-81.27642103,31.37936703
1320,39.19,32.78,2,Dunes,,South Beach,1,2 m,"2018-10-24, 12:52 PM",1008.960337,-81.276415,31.379376
1321,31,49.81,2,Dunes,,South Beach,1,3 m,"2018-10-24, 12:53 PM",1212.741158,-81.27640402,31.37939201
1322,58.9,48.98,3,Dunes,,South Beach,1,3 m,"2018-10-24, 12:53 PM",2265.81244,-81.27643503,31.37939
1323,29.72,33.56,3,Dunes,,South Beach,1,4 m,"2018-10-24, 12:55 PM",783.3586414,-81.27641802,31.37939301
1324,30.39,45.34,2,Dunes,,South Beach,1,2 m,"2018-10-24, 12:56 PM",1082.186463,-81.27643797,31.37939603
1325,57.01,45.34,2,Dunes,,South Beach,1,3 m,"2018-10-24, 12:57 PM",2030.123405,-81.27647099,31.37944104
1326,56,44.65,3,Dunes,,South Beach,1,5 m,"2018-10-24, 12:59 PM",1963.809568,-81.27645196,31.37947096
1327,45.28,60.98,3,Dunes,,South Beach,1,4 m,"2018-10-24, 1:00 PM",2168.621303,-81.276516,31.37941598
1328,52.21,47.88,2,Dunes,,South Beach,1,4 m,"2018-10-24, 1:02 PM",1963.349953,-81.27649798,31.379362
1329,42.68,42.21,2,Dunes,,South Beach,1,4 m,"2018-10-24, 1:04 PM",1414.912698,-81.27650997,31.37934599
1330,49.81,54.83,1,Dunes,,South Beach,1,4 m,"2018-10-24, 1:05 PM",2144.987023,-81.27652899,31.37920501
1331,47,38.57,3,Beach,,South Beach,1,4 m,"2018-10-24, 1:07 PM",1423.761937,-81.27654802,31.37917802
1332,29.27,33.9,3,Beach,,South Beach,1,4 m,"2018-10-24, 1:09 PM",779.3136838,-81.27646697,31.37878298
1333,52.84,44.01,2,Beach,,South Beach,1,4 m,"2018-10-24, 1:10 PM",1826.434318,-81.27649697,31.37877502
1334,47.68,52.5,3,Beach,,South Beach,1,3 m,"2018-10-24, 1:10 PM",1966.008683,-81.27653796,31.37876596
1335,37.44,31.78,1,Beach,,South Beach,1,3 m,"2018-10-24, 1:12 PM",934.500664,-81.27657199,31.37876001
1336,17.71,18.04,3,Beach,,South Beach,1,4 m,"2018-10-24, 1:13 PM",250.9256026,-81.27663,31.37897601
1337,17.7,15.01,3,Beach,,South Beach,1,4 m,"2018-10-24, 1:14 PM",208.6622279,-81.27661499,31.379032
1338,57.88,58,1,Beach,,South Beach,1,4 m,"2018-10-24, 1:15 PM",2636.61305,-81.27665598,31.37903301
1339,46.68,45.64,1,Beach,,South Beach,1,3 m,"2018-10-24, 1:17 PM",1673.271309,-81.27665799,31.37917399
1340,48.68,47.72,2,Dunes,,South Beach,1,3 m,"2018-10-24, 1:18 PM",1824.487473,-81.276702,31.37926804
1341,22.64,23.41,2,Dunes,,South Beach,1,4 m,"2018-10-24, 1:20 PM",416.2629116,-81.27679897,31.37931397
1342,40.18,34.22,1,Dunes,,South Beach,1,4 m,"2018-10-24, 1:21 PM",1079.890745,-81.27685999,31.37929796
1343,37.88,37.32,1,Dunes,,South Beach,1,3 m,"2018-10-24, 1:22 PM",1110.302932,-81.27686896,31.37930098
1344,34.52,30.7,1,Dunes,,South Beach,1,4 m,"2018-10-24, 1:24 PM",832.3366992,-81.27692001,31.37920601
1345,45.28,38.14,1,Dunes,,South Beach,1,5 m,"2018-10-24, 1:25 PM",1356.366292,-81.276947,31.37909797
1346,27.68,24.84,1,Beach,,South Beach,1,4 m,"2018-10-24, 1:27 PM",540.0171577,-81.27692001,31.37872699
1347,14.5,17.46,3,Beach,,South Beach,1,2 m,"2018-10-24, 1:28 PM",198.839253,-81.27700198,31.37872799
1348,37.58,35.96,1,Beach,,South Beach,1,4 m,"2018-10-24, 1:29 PM",1061.368857,-81.27702202,31.37873998
1349,34.79,28.32,1,Beach,,South Beach,1,5 m,"2018-10-24, 1:30 PM",773.8157396,-81.27704197,31.37874601
1350,31.51,31.51,1,Beach,,South Beach,1,5 m,"2018-10-24, 1:31 PM",779.806207,-81.27703501,31.37874803
1351,28.46,32.34,0,Beach,,South Beach,1,5 m,"2018-10-24, 1:31 PM",722.8776422,-81.277048,31.37878801
1352,44.99,43.2,3,Beach,,South Beach,1,4 m,"2018-10-24, 1:32 PM",1526.474738,-81.27702696,31.378815
1353,42.19,41.28,0,Beach,,South Beach,1,4 m,"2018-10-24, 1:34 PM",1367.851955,-81.27704901,31.37885104
1354,32,37.7,3,Beach,,South Beach,1,4 m,"2018-10-24, 1:35 PM",947.5043443,-81.27705303,31.37881902
1355,23.38,30.19,1,Beach,,South Beach,1,4 m,"2018-10-24, 1:36 PM",554.3671675,-81.27708304,31.37890301
1356,36.1,35,2,Dunes,,South Beach,1,5 m,"2018-10-24, 1:38 PM",992.3505795,-81.27712201,31.37917601
1357,38.82,32.43,3,Beach,,South Beach,1,5 m,"2018-10-24, 1:40 PM",988.7633519,-81.27712201,31.37918397
1358,37.08,27.24,2,Beach,,South Beach,1,5 m,"2018-10-24, 1:41 PM",793.2986406,-81.27711296,31.37919797
1359,45.04,47.69,3,Dunes,,South Beach,1,4 m,"2018-10-24, 1:42 PM",1687.001954,-81.27712302,31.37926301
1360,59.38,48.84,3,Dunes,,South Beach,1,4 m,"2018-10-24, 1:42 PM",2277.748293,-81.27720701,31.37933903
1361,54.62,60.38,3,Dunes,,South Beach,1,4 m,"2018-10-24, 1:43 PM",2590.208271,-81.27720499,31.37925404
1362,40.18,35.38,3,Dunes,,South Beach,1,5 m,"2018-10-24, 1:45 PM",1116.497211,-81.27719996,31.37927198
1363,53.58,49.62,3,Dunes,,South Beach,1,4 m,"2018-10-24, 1:46 PM",2088.090659,-81.277293,31.37922898
1364,37.32,39.78,3,Dunes,,South Beach,1,4 m,"2018-10-24, 1:49 PM",1165.993945,-81.27728001,31.37922504
1365,49.35,49.78,0,Dunes,,South Beach,1,5 m,"2018-10-24, 1:50 PM",1929.4429,-81.27734397,31.37922596
1366,35.53,38.22,3,Dunes,,South Beach,1,5 m,"2018-10-24, 1:51 PM",1066.53662,-81.27733801,31.37919797
1367,46.35,44.72,3,Dunes,,South Beach,1,5 m,"2018-10-24, 1:52 PM",1627.951322,-81.27736702,31.37915396
1368,47.79,42.72,1,Beach,,South Beach,1,5 m,"2018-10-24, 1:54 PM",1603.460094,-81.27736098,31.37900602
1369,53.58,48.14,1,Beach,,South Beach,1,5 m,"2018-10-24, 1:54 PM",2025.809841,-81.277364,31.37899303
1370,49,41.98,1,Beach,,South Beach,1,4 m,"2018-10-24, 1:56 PM",1615.57973,-81.27736903,31.37892203
1371,21.94,29.02,1,Beach,,South Beach,1,4 m,"2018-10-24, 1:57 PM",500.0620682,-81.27734296,31.37873302
1372,45.08,47.36,2,Beach,,South Beach,1,3 m,"2018-10-24, 1:58 PM",1676.816282,-81.27737104,31.37874098
1373,53.02,41.8,1,Beach,,South Beach,1,4 m,"2018-10-24, 1:59 PM",1740.627684,-81.27739099,31.37875004
1374,39.12,38.09,1,Beach,,South Beach,1,3 m,"2018-10-24, 2:00 PM",1170.306724,-81.27741597,31.37872799
1375,46.96,51.79,1,Beach,,South Beach,1,4 m,"2018-10-24, 2:01 PM",1910.134201,-81.27750498,31.378801
1376,39.53,47.18,1,Beach,,South Beach,1,3 m,"2018-10-24, 2:02 PM",1464.787524,-81.27746802,31.378916
1377,52.02,40.03,3,Beach,,South Beach,1,3 m,"2018-10-24, 2:04 PM",1635.482191,-81.27757397,31.37902404
1378,46.84,50.78,1,Dunes,,South Beach,1,5 m,"2018-10-24, 2:05 PM",1868.097178,-81.27764102,31.37916
1379,42.7,34.92,2,Dunes,,South Beach,1,4 m,"2018-10-24, 2:06 PM",1171.094635,-81.27766399,31.37912898
1380,43.7,44.28,2,Dunes,,South Beach,1,4 m,"2018-10-24, 2:07 PM",1519.773721,-81.27770296,31.37914399
1381,37.5,29.24,2,Dunes,,South Beach,1,4 m,"2018-10-24, 2:09 PM",861.1890862,-81.27768796,31.37917701
1382,40.62,28.92,2,Dunes,,South Beach,1,4 m,"2018-10-24, 2:10 PM",922.6310986,-81.27769299,31.37917198
1383,61.94,73.86,3,Dunes,,South Beach,1,4 m,"2018-10-24, 2:11 PM",3593.108947,-81.27770799,31.37917399
1384,30.19,33.29,2,Beach,,South Beach,1,3 m,"2018-10-24, 2:14 PM",789.3448677,-81.27777999,31.37875498
1385,49.82,36.68,1,Beach,,South Beach,1,3 m,"2018-10-24, 2:15 PM",1435.234719,-81.27789499,31.37870796
1386,14.94,15.84,2,Beach,,South Beach,1,3 m,"2018-10-24, 2:16 PM",185.8641612,-81.27791301,31.37873403
1387,28.18,33.72,2,Dunes,,South Beach,1,3 m,"2018-10-24, 2:18 PM",746.3085826,-81.277997,31.37891198
1388,29.18,30.36,1,Dunes,,South Beach,1,3 m,"2018-10-24, 2:20 PM",695.7880029,-81.278012,31.37891298
1389,51.71,52.88,3,Dunes,,South Beach,1,3 m,"2018-10-24, 2:21 PM",2147.612216,-81.27802801,31.378974
1390,35.55,28.88,3,Dunes,,South Beach,1,3 m,"2018-10-24, 2:23 PM",806.355728,-81.27804201,31.37900803
1391,39.04,42.54,3,Dunes,,South Beach,1,2 m,"2018-10-24, 2:24 PM",1304.35911,-81.27811996,31.37898599
1392,33.26,39.18,2,Dunes,,South Beach,1,2 m,"2018-10-24, 2:25 PM",1023.473395,-81.27813798,31.37895699
1393,29.34,34.68,3,Beach,,South Beach,1,3 m,"2018-10-24, 2:27 PM",799.1514277,-81.27816397,31.37866597
1394,47.2,46.2,1,Beach,,South Beach,1,2 m,"2018-10-24, 2:28 PM",1712.670651,-81.27833102,31.37866898
1395,38.46,42.24,1,Beach,,South Beach,1,2 m,"2018-10-24, 2:29 PM",1275.918901,-81.27834301,31.37869103
1396,62.2,67.38,1,Dunes,,South Beach,1,2 m,"2018-10-24, 2:30 PM",3291.631977,-81.27832096,31.37890401
1397,56.28,55.7,1,Beach,,South Beach,1,2 m,"2018-10-24, 2:33 PM",2462.063021,-81.278716,31.37874199
1398,22.67,30.19,3,Beach,,South Beach,1,2 m,"2018-10-24, 2:34 PM",537.5322364,-81.27877199,31.37872204
1399,45.01,48.28,1,Beach,,South Beach,1,4 m,"2018-10-24, 2:36 PM",1706.73524,-81.278774,31.378628
1400,47.52,47.84,2,Beach,,South Beach,1,3 m,"2018-10-24, 2:37 PM",1785.490255,-81.27876,31.37860897
1401,56.86,44.82,3,Beach,,South Beach,1,4 m,"2018-10-24, 2:38 PM",2001.559888,-81.27883997,31.37859103
1402,25.7,28.54,3,Beach,,South Beach,1,3 m,"2018-10-24, 2:39 PM",576.0722741,-81.27893703,31.37858198
1403,50,49.54,1,Beach,,South Beach,1,2 m,"2018-10-24, 2:40 PM",1945.431251,-81.27896603,31.37866102
1404,32.98,36.34,2,Beach,,South Beach,1,2 m,"2018-10-24, 2:42 PM",941.2943581,-81.27896,31.37865599
1405,49.91,38.82,3,Beach,,South Beach,1,3 m,"2018-10-24, 2:43 PM",1521.713811,-81.27896301,31.37872104
1406,43.91,50.56,3,Beach,,South Beach,1,2 m,"2018-10-24, 2:44 PM",1743.654294,-81.27895497,31.37873403
1407,43.9,61.08,2,Beach,,South Beach,1,2 m,"2018-10-24, 2:45 PM",2105.97606,-81.27897802,31.37873403
1408,44.84,44.1,3,Beach,,South Beach,1,2 m,"2018-10-24, 2:47 PM",1553.080886,-81.27909201,31.37866697
1409,24.8,30.28,3,Beach,,South Beach,1,2 m,"2018-10-24, 2:48 PM",589.7900384,-81.27908497,31.37859397
1410,40,46.94,1,Beach,,South Beach,1,2 m,"2018-10-24, 2:51 PM",1474.663592,-81.27921204,31.37871198
1411,31,34.76,3,Beach,,South Beach,1,2 m,"2018-10-24, 2:52 PM",846.313645,-81.27928899,31.37871198
1412,19.8,29.36,3,Beach,,South Beach,1,2 m,"2018-10-24, 2:54 PM",456.5739435,-81.27941798,31.37871902
1413,35.78,36.22,0,Beach,,South Beach,1,3 m,"2018-10-24, 2:55 PM",1017.838006,-81.27941497,31.37856496
1414,29.71,27.57,3,Beach,,South Beach,1,3 m,"2018-10-24, 2:58 PM",643.323327,-81.27943802,31.37854703
1415,59.93,54.18,3,Beach,,South Beach,1,2 m,"2018-10-24, 2:59 PM",2550.193648,-81.27952703,31.37856999
1416,36.88,28.76,2,Beach,,South Beach,1,2 m,"2018-10-24, 3:00 PM",833.0473275,-81.27950901,31.37866999
1417,48.86,47.21,3,Beach,,South Beach,1,4 m,"2018-10-24, 3:03 PM",1811.662707,-81.27962502,31.37858198
1418,58.04,58.9,3,Beach,,South Beach,1,2 m,"2018-10-24, 3:05 PM",2684.927604,-81.27962703,31.378586
1419,50.74,49.84,2,Beach,,South Beach,1,4 m,"2018-10-24, 3:06 PM",1986.178964,-81.27974597,31.37860402
1420,34.44,37.78,2,Beach,,South Beach,1,2 m,"2018-10-24, 3:08 PM",1021.91548,-81.27974999,31.378614
1421,29.79,24.3,2,Beach,,South Beach,1,3 m,"2018-10-24, 3:09 PM",568.5473743,-81.27987203,31.37872296
1422,32.64,28.27,3,Beach,,South Beach,1,2 m,"2018-10-24, 3:11 PM",724.7126464,-81.279866,31.37866597
1423,52.79,56.47,2,Beach,,South Beach,1,3 m,"2018-10-24, 3:12 PM",2341.312216,-81.27988502,31.37858399
1424,33.28,34.7,2,Beach,,South Beach,1,3 m,"2018-10-24, 3:13 PM",906.9903655,-81.27993699,31.37854904
1425,42.38,44.5,2,Beach,,South Beach,1,3 m,"2018-10-24, 3:14 PM",1481.19025,-81.28003003,31.37856798
1426,46.61,54,3,Beach,,South Beach,1,3 m,"2018-10-24, 3:16 PM",1976.800053,-81.28014302,31.37874098
1427,52.72,49.19,0,Beach,,South Beach,1,2 m,"2018-10-24, 3:25 PM",2036.770544,-81.28048299,31.378672
1428,56.68,52.74,3,Beach,,South Beach,1,3 m,"2018-10-24, 3:26 PM",2347.793243,-81.28059799,31.37883201
1429,63.18,66.5,2,Beach,,South Beach,1,3 m,"2018-10-24, 3:27 PM",3299.826822,-81.28064903,31.37874601
1430,26.84,31.89,2,Beach,,South Beach,1,1 m,"2018-10-24, 3:28 PM",672.243965,-81.28080703,31.37866203
1431,48.68,63.18,1,Beach,,South Beach,1,0 m,"2018-10-24, 3:30 PM",2415.572476,-81.28071802,31.37881399
1432,50.51,51.31,3,Beach,,South Beach,1,3 m,"2018-10-24, 3:31 PM",2035.491366,-81.28070603,31.37884098
1433,30.18,44.72,3,Beach,,South Beach,1,2 m,"2018-10-24, 3:32 PM",1060.012317,-81.28073604,31.37886403
1434,59.89,48.84,2,Beach,,South Beach,1,2 m,"2018-10-24, 3:34 PM",2297.311305,-81.28089203,31.37877099
1435,52.89,44.26,2,Beach,,South Beach,1,1 m,"2018-10-24, 3:35 PM",1838.547514,-81.28102899,31.37880804
1436,25.76,33.54,3,Beach,,South Beach,1,1 m,"2018-10-24, 3:36 PM",678.5764734,-81.28101298,31.37881399
1437,49.81,51.19,3,Beach,,South Beach,1,1 m,"2018-10-24, 3:36 PM",2002.587738,-81.281003,31.37884601
1438,52.16,47.93,3,Beach,,South Beach,1,1 m,"2018-10-24, 3:37 PM",1963.518028,-81.28096998,31.37889697
1439,47.09,70,3,Beach,,South Beach,1,2 m,"2018-10-24, 3:38 PM",2588.907966,-81.28108598,31.37895598
1440,64.03,62.61,0,Beach,,South Beach,1,2 m,"2018-10-24, 3:40 PM",3148.59707,-81.28118598,31.37906604
1441,38.63,40.16,3,Beach,,South Beach,1,2 m,"2018-10-24, 3:41 PM",1218.451631,-81.28116997,31.37906
1442,24.89,28.68,3,Beach,,South Beach,1,2 m,"2018-10-24, 3:42 PM",560.652709,-81.28118296,31.37911599