OBJECTID,GPS_Waypoint,Height,Width,Activity,Environment,Direction,Part,Count,Latitude,Longitude,Elevation,Date_Created,Oval_Area_mm2,Lon_DMS,Lat_DMS,Dist_near_burrow,Dist_near_tideline
1,887,56,44.11,2,Dunes,D,South Beach,1,N31́ 23.415' ,W81́ 15.873',-4,"2018-10-21, 10:01 AM",1940.059127,-81.26455301,31.39024498,13.48498978,79.11652904
2,888,42,30.71,2,Dunes,D,South Beach,1,N31́ 23.413' ,W81́ 15.881',3,"2018-10-21, 10:04 AM",1000.96247,-81.26469098,31.39021698,0.765660866,89.42463348
3,889,31,27.21,2,Dunes,D,South Beach,1,N31́ 23.413' ,W81́ 15.882',2,"2018-10-21, 10:06 AM",669.1161169,-81.26469903,31.39021698,0.765660866,90.10784029
4,890,31,30.34,2,Dunes,U-L,South Beach,1,N31́ 23.408' ,W81́ 15.881',2,"2018-10-21, 10:09 AM",743.4641847,-81.26468,31.39014096,8.493259772,84.6877951
5,891,20,16.71,3,Beach,L,South Beach,1,N31́ 23.395' ,W81́ 15.886',2,"2018-10-21, 10:13 AM",266.5485072,-81.26476801,31.38991599,13.87757057,80.89704209
6,892,21,26.98,2,Dunes,U,South Beach,1,N31́ 23.389' ,W81́ 15.876',3,"2018-10-21, 10:16 AM",444.9908914,-81.26460398,31.38982496,6.187026107,62.41945528
7,893,44,40.9,1,Beach,L,South Beach,1,N31́ 23.389' ,W81́ 15.880',1,"2018-10-21, 10:18 AM",1417.257269,-81.26466902,31.38982404,6.187026107,67.89340029
8,894,38,42.22,3,Beach,D-R,South Beach,1,N31́ 23.384' ,W81́ 15.878',0,"2018-10-21, 10:22 AM",1251.439925,-81.26463398,31.38972899,1.882356871,60.16207268
9,895,35,34.84,2,Beach,U-L,South Beach,1,N31́ 23.381' ,W81́ 15.872',2,"2018-10-21, 10:28 AM",953.3363969,-81.26454002,31.38967602,7.138323901,49.5363449
10,896,35,45.42,3,Beach,D-R,South Beach,1,N31́ 23.383' ,W81́ 15.879',1,"2018-10-21, 10:30 AM",1234.991802,-81.26464999,31.38971901,1.88235687,61.02133436
11,897,53,57.1,2,Beach,U,South Beach,1,N31́ 23.384' ,W81́ 15.886',1,"2018-10-21, 10:33 AM",2358.015043,-81.26476298,31.38973997,3.830349358,71.65998374
12,898,29,21,3,Dunes,U-R,South Beach,1,N31́ 23.387' ,W81́ 15.899',1,"2018-10-21, 10:35 AM",478.3074815,-81.26497597,31.38978297,9.905804873,91.88886749
13,899,21,20.11,1,Beach,D-L,South Beach,1,N31́ 23.383' ,W81́ 15.888',0,"2018-10-21, 10:39 AM",328.6805705,-81.26479198,31.389716,3.169543833,72.92149245
14,900,10,10.04,3,Beach,D,South Beach,1,N31́ 23.381' ,W81́ 15.887',2,"2018-10-21, 10:41 AM",79.01168356,-81.264781,31.38968901,3.169543833,70.63870611
15,901,24,17.66,3,Beach,U-L,South Beach,1,N31́ 23.381' ,W81́ 15.885',1,"2018-10-21, 10:43 AM",328.1673128,-81.26474203,31.38967702,2.000296973,66.73116262
16,902,40,43.8,2,Beach,U-L,South Beach,1,N31́ 23.380' ,W81́ 15.884',1,"2018-10-21, 10:45 AM",1382.89767,-81.26474102,31.389659,2.000296973,65.74350504
17,903,45,44.8,1,Beach,U-R,South Beach,1,N31́ 23.380' ,W81́ 15.881',2,"2018-10-21, 10:47 AM",1576.32553,-81.26467799,31.38966202,6.004361321,60.54524844
18,904,58,62.32,3,Beach,D-L,South Beach,1,N31́ 23.377' ,W81́ 15.874',2,"2018-10-21, 10:49 AM",2831.037423,-81.26457003,31.38961701,7.138323902,49.12973831
19,905,24,21.18,3,Beach,D-L,South Beach,1,N31́ 23.376' ,W81́ 15.881',2,"2018-10-21, 10:51 AM",399.2335944,-81.26467899,31.38960301,3.420962363,57.67654454
20,906,15,14.08,3,Beach,D-R,South Beach,1,N31́ 23.377' ,W81́ 15.883',0,"2018-10-21, 10:53 AM",169.6359502,-81.26471403,31.38960997,3.420962363,60.99878554
21,907,32,17.21,3,Beach,L,South Beach,1,N31́ 23.377' ,W81́ 15.888',4,"2018-10-21, 10:56 AM",426.0464594,-81.26479399,31.389615,1.048673423,68.03683063
22,908,25,26.72,1,Beach,U-L,South Beach,1,N31́ 23.377' ,W81́ 15.888',2,"2018-10-21, 10:57 AM",534.0896007,-81.26480397,31.38961902,1.048673423,69.08505215
23,909,43,45.92,1,Beach,D-L,South Beach,1,N31́ 23.377' ,W81́ 15.889',1,"2018-10-21, 10:58 AM",1547.209249,-81.264823,31.38961399,1.711312223,70.44838573
24,910,25,10.82,2,Beach,U-L,South Beach,1,N31́ 23.377' ,W81́ 15.890',3,"2018-10-21, 10:59 AM",212.7901235,-81.26484001,31.38960896,1.169694374,71.64028017
25,911,31,26.8,3,Beach,D-R,South Beach,1,N31́ 23.376' ,W81́ 15.890',2,"2018-10-21, 11:00 AM",649.5619802,-81.26483599,31.38959899,1.169694374,70.8000806
26,912,33,36.74,3,Beach,U-R,South Beach,1,N31́ 23.378' ,W81́ 15.891',0,"2018-10-21, 11:02 AM",941.844451,-81.26484202,31.38963101,2.45228333,72.91451663
27,913,43,42.68,1,Dunes,U-R,South Beach,1,N31́ 23.382' ,W81́ 15.897',2,"2018-10-21, 11:04 AM",1430.667471,-81.26494604,31.38969697,1.925126693,85.04422075
28,914,45,64.78,1,Dunes,D-L,South Beach,1,N31́ 23.382' ,W81́ 15.898',2,"2018-10-21, 11:04 AM",2309.865423,-81.26496599,31.38969404,1.925126693,86.59074488
29,915,28,32.02,2,Beach,U-R,South Beach,1,N31́ 23.376' ,W81́ 15.892',2,"2018-10-21, 11:07 AM",713.7129881,-81.26487203,31.389602,3.141790821,74.00948878
30,916,41,46.52,1,Beach,D-R,South Beach,1,N31́ 23.375' ,W81́ 15.890',1,"2018-10-21, 11:09 AM",1489.967546,-81.26482601,31.38957803,2.510350703,68.90397846
31,917,43,42.78,1,Beach,U-L,South Beach,1,N31́ 23.373' ,W81́ 15.888',3,"2018-10-21, 11:10 AM",1428.643657,-81.26480699,31.38955004,3.131259431,65.88877619
32,918,24,20.16,2,Beach,L,South Beach,1,N31́ 23.372' ,W81́ 15.886',2,"2018-10-21, 11:11 AM",380.7987287,-81.26477103,31.38953998,1.804232418,62.33328999
33,919,40,46.48,2,Beach,L,South Beach,1,N31́ 23.372' ,W81́ 15.887',1,"2018-10-21, 11:13 AM",1463.13269,-81.26478503,31.389529,1.804232418,62.97191364
34,920,10,10.04,3,Beach,R,South Beach,1,N31́ 23.373' ,W81́ 15.892',-2,"2018-10-21, 11:15 AM",81.85042668,-81.26486599,31.389543,2.321130802,70.54380341
35,921,21,34.42,3,Beach,U-L,South Beach,1,N31́ 23.372' ,W81́ 15.893',1,"2018-10-21, 11:16 AM",571.4861771,-81.26488804,31.38953403,2.321130802,71.96624519
36,922,24,20.18,0,Dunes,U,South Beach,1,N31́ 23.378' ,W81́ 15.901',1,"2018-10-21, 11:18 AM",382.2859587,-81.265011,31.38963302,8.006357779,87.35662704
37,923,27,21.52,3,Dunes,D-R,South Beach,1,N31́ 23.383' ,W81́ 15.909',2,"2018-10-21, 11:20 AM",461.7563148,-81.26515802,31.38972304,3.392789016,104.3400262
38,924,62,66.88,3,Dunes,U-L,South Beach,1,N31́ 23.382' ,W81́ 15.908',2,"2018-10-21, 11:22 AM",3250.397317,-81.26513598,31.38969898,3.392789016,101.2652249
39,925,50,36.42,3,Dunes,D-L,South Beach,1,N31́ 23.381' ,W81́ 15.906',2,"2018-10-21, 11:24 AM",1439.935484,-81.26509901,31.38968197,3.89384618,97.27616258
40,926,56,26.38,2,Dunes,U-L,South Beach,1,N31́ 23.379' ,W81́ 15.907',2,"2018-10-21, 11:25 AM",1170.198025,-81.26511603,31.38965003,3.89384618,97.12201615
41,927,16,10.56,1,Beach,D-L,South Beach,1,N31́ 23.368' ,W81́ 15.890',3,"2018-10-21, 11:27 AM",132.5349976,-81.26483096,31.38946999,2.309618746,63.91647534
42,928,41,40.7,1,Beach,D-R,South Beach,1,N31́ 23.367' ,W81́ 15.889',1,"2018-10-21, 11:28 AM",1301.004204,-81.26481696,31.38945297,2.309618746,61.87639476
43,929,51,40.22,0,Beach,U-R,South Beach,1,N31́ 23.366' ,W81́ 15.890',-2,"2018-10-21, 11:28 AM",1602.179581,-81.26482601,31.38943302,2.373562472,61.64594177
44,930,23,15.32,2,Beach,U,South Beach,1,N31́ 23.364' ,W81́ 15.894',1,"2018-10-21, 11:30 AM",274.5770829,-81.264896,31.38940402,2.300545418,66.13457027
45,931,43,30.98,2,Beach,U-L,South Beach,1,N31́ 23.363' ,W81́ 15.894',3,"2018-10-21, 11:31 AM",1037.014288,-81.26490799,31.389386,2.300545418,66.250241
46,932,38,32.52,3,Beach,U,South Beach,1,N31́ 23.364' ,W81́ 15.895',2,"2018-10-21, 11:36 AM",974.6502181,-81.26492299,31.38940796,2.604030706,68.62244906
47,933,18,22,2,Dunes,U-R,South Beach,1,N31́ 23.371' ,W81́ 15.907',4,"2018-10-21, 11:38 AM",315.8557254,-81.26511896,31.38951601,10.41813039,90.66275815
48,934,73,55.68,3,Dunes,U-R,South Beach,1,N31́ 23.376' ,W81́ 15.911',3,"2018-10-21, 11:41 AM",3202.856224,-81.26519096,31.38959404,9.451511123,100.6790159
49,935,45,55.4,2,Dunes,U-L,South Beach,1,N31́ 23.372' ,W81́ 15.916',3,"2018-10-21, 11:42 AM",1969.310496,-81.26527403,31.38952799,4.641752543,104.4233586
50,936,28,26.38,1,Dunes,NA,South Beach,1,N31́ 23.370' ,W81́ 15.918',2,"2018-10-21, 11:44 AM",575.1539866,-81.26530403,31.38949497,2.236632966,105.3167945
51,937,64,58.18,2,Dunes,D-R,South Beach,1,N31́ 23.369' ,W81́ 15.919',1,"2018-10-21, 11:45 AM",2902.512426,-81.26532096,31.38948097,2.236632966,106.0529442
52,938,33,48.98,1,Dunes,U-L,South Beach,1,N31́ 23.367' ,W81́ 15.912',3,"2018-10-21, 11:47 AM",1261.007331,-81.265198,31.38945096,8.086477291,94.11512037
53,939,21,34.91,1,Beach,D-L,South Beach,1,N31́ 23.361' ,W81́ 15.904',1,"2018-10-21, 11:49 AM",581.2668975,-81.265068,31.38935197,0.324867207,78.12723198
54,940,47,36.52,1,Beach,U-L,South Beach,1,N31́ 23.361' ,W81́ 15.904',2,"2018-10-21, 11:50 AM",1361.856539,-81.265068,31.38934904,0.324867207,77.98058034
55,941,50,41.62,1,Beach,U,South Beach,1,N31́ 23.358' ,W81́ 15.899',1,"2018-10-21, 11:51 AM",1629.83722,-81.26497597,31.38929598,0.215031708,67.51412239
56,942,32,31.46,1,Beach,R,South Beach,1,N31́ 23.359' ,W81́ 15.898',0,"2018-10-21, 11:51 AM",778.8158985,-81.26497102,31.38930897,1.515281313,67.74418265
57,943,37,64.16,1,Beach,U,South Beach,1,N31́ 23.358' ,W81́ 15.898',1,"2018-10-21, 11:52 AM",1861.448939,-81.26497404,31.38929497,0.215031708,67.29976833
58,944,40,47.38,1,Beach,U-R,South Beach,1,N31́ 23.354' ,W81́ 15.900',-1,"2018-10-21, 11:56 AM",1490.719329,-81.26500103,31.38923303,6.548534089,66.49023675
59,945,46,50.22,2,Beach,D-R,South Beach,1,N31́ 23.357' ,W81́ 15.908',2,"2018-10-21, 11:58 AM",1807.26432,-81.26513396,31.38927897,7.096673376,80.0715722
60,946,43,52.38,0,Dunes,U-L,South Beach,1,N31́ 23.364' ,W81́ 15.916',2,"2018-10-21, 12:00 PM",1752.939429,-81.26526497,31.38940603,1.140416476,97.55013446
61,947,38,55.96,0,Dunes,R,South Beach,1,N31́ 23.364' ,W81́ 15.917',3,"2018-10-21, 12:01 PM",1676.28661,-81.26527696,31.38940603,1.140416476,98.56774212
62,948,65,54.58,1,Dunes,R,South Beach,1,N31́ 23.363' ,W81́ 15.915',1,"2018-10-21, 12:03 PM",2776.926317,-81.26524402,31.38937804,3.688068392,94.37113531
63,949,51,36.3,3,Dunes,D,South Beach,1,N31́ 23.358' ,W81́ 15.918',1,"2018-10-21, 12:05 PM",1441.46324,-81.26529699,31.38930503,9.534858129,95.21250917
64,950,35,55.66,0,Dunes,D-L,South Beach,1,N31́ 23.354' ,W81́ 15.922',2,"2018-10-21, 12:07 PM",1544.023046,-81.26536799,31.38923496,2.968435646,97.7312766
65,951,36,50.66,2,Dunes,D,South Beach,1,N31́ 23.354' ,W81́ 15.924',2,"2018-10-21, 12:09 PM",1432.377754,-81.265399,31.38923798,2.968435646,100.5142991
66,952,51,42.49,3,Dunes,D,South Beach,1,N31́ 23.350' ,W81́ 15.925',1,"2018-10-21, 12:11 PM",1688.267623,-81.26541099,31.38916497,3.583598122,97.87765313
67,953,55,40.47,2,Dunes,U,South Beach,1,N31́ 23.348' ,W81́ 15.925',1,"2018-10-21, 12:12 PM",1732.603821,-81.26542498,31.38913496,1.053079444,97.56296383
68,954,38,32.34,2,Beach,R,South Beach,1,N31́ 23.343' ,W81́ 15.915',-1,"2018-10-21, 12:13 PM",962.3975355,-81.265256,31.38904301,2.451563123,78.61911174
69,955,38,48.04,2,Beach,U,South Beach,1,N31́ 23.341' ,W81́ 15.915',0,"2018-10-21, 12:14 PM",1423.950118,-81.26524804,31.38902198,2.451563123,76.89094817
70,956,60,46.5,2,Dunes,U-L,South Beach,1,N31́ 23.348' ,W81́ 15.926',2,"2018-10-21, 12:18 PM",2178.113311,-81.26543102,31.389127,1.053079444,97.67717934
71,957,47,55.08,3,Dunes,U-L,South Beach,1,N31́ 23.333' ,W81́ 15.931',0,"2018-10-21, 12:23 PM",2047.050463,-81.26552003,31.38888401,2.136964492,93.06963204
72,958,62,90.26,0,Dunes,U-R,South Beach,1,N31́ 23.334' ,W81́ 15.932',2,"2018-10-21, 12:24 PM",4373.206458,-81.265528,31.38890203,2.136964492,94.64798648
73,959,51,53.01,3,Dunes,R,South Beach,1,N31́ 23.337' ,W81́ 15.931',1,"2018-10-21, 12:26 PM",2115.004997,-81.26552397,31.38894704,5.00523551,96.55876361
74,960,40,60.07,1,Dunes,U-L,South Beach,1,N31́ 23.333' ,W81́ 15.935',1,"2018-10-21, 12:27 PM",1908.385197,-81.26558801,31.38888803,5.915128301,99.04043294
75,961,47,68.41,0,Dunes,U-R,South Beach,1,N31́ 23.333' ,W81́ 15.927',1,"2018-10-21, 12:29 PM",2543.535043,-81.26544502,31.38888904,7.156302939,86.95514826
76,962,56,53.56,1,Beach,U-R,South Beach,1,N31́ 23.332' ,W81́ 15.922',1,"2018-10-21, 12:31 PM",2369.573591,-81.26537302,31.38885903,5.328847285,79.34232784
77,963,5,12.94,3,Beach,U-R,South Beach,1,N31́ 23.329' ,W81́ 15.922',6,"2018-10-21, 1:45 PM",53.76254632,-81.265371,31.388811,5.328847285,76.76691402
78,964,30,25.4,2,Dunes,U-R,South Beach,1,N31́ 23.327' ,W81́ 15.935',6,"2018-10-21, 1:47 PM",601.0667852,-81.26558801,31.38878301,0.734798663,93.78404698
79,965,33,29.18,3,Dunes,U-R,South Beach,1,N31́ 23.328' ,W81́ 15.936',5,"2018-10-21, 1:48 PM",760.4165328,-81.26559304,31.388796,0.882574319,94.86111951
80,966,28,34.12,3,Dunes,U,South Beach,1,N31́ 23.327' ,W81́ 15.936',6,"2018-10-21, 1:49 PM",737.2070746,-81.26559304,31.38878804,0.734798663,94.46271132
81,967,46,54.58,2,Dunes,D,South Beach,1,N31́ 23.326' ,W81́ 15.937',5,"2018-10-21, 1:53 PM",1989.887614,-81.26561701,31.38876096,1.899954301,95.14170627
82,968,35,29.94,1,Dunes,D,South Beach,1,N31́ 23.325' ,W81́ 15.938',6,"2018-10-21, 1:55 PM",815.4939927,-81.26563403,31.38875199,1.899954301,96.13726945
83,969,46,64.71,1,Dunes,U-L,South Beach,1,N31́ 23.306' ,W81́ 15.949',6,"2018-10-21, 2:05 PM",2322.108131,-81.26581198,31.388437,21.69289335,95.47467417
84,970,23,23.08,1,Dunes,U-L,South Beach,1,N31́ 23.289' ,W81́ 15.957',5,"2018-10-21, 2:11 PM",415.8331417,-81.265945,31.38814699,19.92739626,92.67387994
85,971,51,34.64,2,Dunes,U-L,South Beach,1,N31́ 23.276' ,W81́ 15.966',6,"2018-10-21, 2:16 PM",1378.80983,-81.26610802,31.38792998,0.969348276,96.73684882
86,972,36,37.84,1,Dunes,U-L,South Beach,1,N31́ 23.276' ,W81́ 15.966',4,"2018-10-21, 2:17 PM",1056.22984,-81.26609897,31.38792596,0.969348275,95.76860597
87,973,40,38.76,2,Dunes,U-L,South Beach,1,N31́ 23.273' ,W81́ 15.966',4,"2018-10-21, 2:19 PM",1209.766384,-81.266103,31.38788396,4.672547824,94.17562854
88,974,54,63.02,2,Dunes,D-R,South Beach,1,N31́ 23.272' ,W81́ 15.970',4,"2018-10-21, 2:21 PM",2653.469423,-81.26616896,31.38786896,0.363564252,99.18489335
89,975,40,32.8,1,Dunes,D-R,South Beach,1,N31́ 23.272' ,W81́ 15.970',3,"2018-10-21, 2:23 PM",1037.655487,-81.26617198,31.38787097,0.363564252,99.53889912
90,976,56,58.3,2,Dunes,R,South Beach,1,N31́ 23.273' ,W81́ 15.971',4,"2018-10-21, 2:25 PM",2545.852439,-81.26618799,31.38789101,1.804249375,101.8493761
91,977,50,34.79,2,Dunes,D-L,South Beach,1,N31́ 23.273' ,W81́ 15.972',3,"2018-10-21, 2:26 PM",1377.129706,-81.26620199,31.38788003,1.804249375,102.5522215
92,978,31,25.3,0,Dunes,U,South Beach,1,N31́ 23.267' ,W81́ 15.972',5,"2018-10-21, 2:31 PM",611.8149591,-81.266205,31.38778799,0.860361237,98.55803619
93,979,31,28.8,1,Dunes,U-L,South Beach,1,N31́ 23.267' ,W81́ 15.972',4,"2018-10-21, 2:32 PM",695.3224188,-81.26619603,31.38778699,0.860361237,97.73630388
94,980,33,64.62,3,Dunes,D-R,South Beach,1,N31́ 23.251' ,W81́ 15.985',2,"2018-10-21, 2:38 PM",1687.010751,-81.26641296,31.38751198,5.498337758,103.7792836
95,981,25,26.42,1,Dunes,L,South Beach,1,N31́ 23.249' ,W81́ 15.988',3,"2018-10-21, 2:41 PM",508.7953816,-81.26645898,31.38748197,1.799716454,106.3708339
96,982,48,44.93,2,Dunes,U-R,South Beach,1,N31́ 23.249' ,W81́ 15.989',3,"2018-10-21, 2:43 PM",1702.995959,-81.266477,31.38747702,1.799716454,107.6999692
97,983,42,34.8,2,Dunes,U-R,South Beach,1,N31́ 23.249' ,W81́ 15.990',4,"2018-10-21, 2:44 PM",1152.85769,-81.26650197,31.38748499,2.534113408,110.2271805
98,984,41,47.24,3,Dunes,U-L,South Beach,1,N31́ 23.229' ,W81́ 15.998',4,"2018-10-21, 2:54 PM",1538.999639,-81.26663801,31.387157,2.37600359,106.8279498
99,985,25,32.14,3,Dunes,D-L,South Beach,1,N31́ 23.229' ,W81́ 16.000',2,"2018-10-21, 2:57 PM",621.4751994,-81.26666299,31.387157,2.253525154,108.9876347
100,986,65,52,3,Dunes,U-L,South Beach,1,N31́ 23.228' ,W81́ 16.000',3,"2018-10-21, 2:57 PM",2667.714818,-81.26665897,31.38713697,1.98513034,107.7142297
101,987,34,43.26,1,Dunes,D,South Beach,1,N31́ 23.229' ,W81́ 16.001',3,"2018-10-21, 2:59 PM",1144.322611,-81.266679,31.387142,1.98513034,109.6784575
102,988,42,65.6,3,Dunes,D-R,South Beach,1,N31́ 23.226' ,W81́ 15.998',2,"2018-10-21, 3:01 PM",2179.385656,-81.26662896,31.38710797,1.621725181,103.7791956
103,989,66,60.25,0,Dunes,D,South Beach,1,N31́ 23.227' ,W81́ 15.999',2,"2018-10-21, 3:03 PM",3102.788094,-81.26664497,31.387113,1.621725181,105.3958684
104,990,38,44.38,1,Dunes,D,South Beach,1,N31́ 23.207' ,W81́ 16.010',2,"2018-10-21, 3:13 PM",1318.949923,-81.26683096,31.38677504,18.25144594,105.8544165
105,991,34,40.72,1,Dunes,U,South Beach,1,N31́ 23.186' ,W81́ 16.018',2,"2018-10-21, 3:22 PM",1103.358756,-81.26697304,31.38643901,6.218674329,102.6059608
106,992,36,41.06,2,Dunes,U,South Beach,1,N31́ 23.184' ,W81́ 16.022',3,"2018-10-21, 3:39 PM",1174.488498,-81.26702501,31.38640498,6.218674329,105.1837045
107,993,29,30.7,1,Dunes,D,South Beach,1,N31́ 23.180' ,W81́ 16.026',3,"2018-10-21, 3:42 PM",687.4252403,-81.26709701,31.386336,1.70719397,107.4472231
108,994,36,33.28,2,Dunes,D,South Beach,1,N31́ 23.180' ,W81́ 16.027',0,"2018-10-21, 3:44 PM",943.5836367,-81.26711302,31.38632904,1.70719397,108.4024028
109,995,60,52.97,2,Dunes,U,South Beach,1,N31́ 23.179' ,W81́ 16.029',1,"2018-10-21, 3:45 PM",2497.400519,-81.26715199,31.38631999,3.613297059,111.1529996
110,996,46,66.74,2,Dunes,D-R,South Beach,1,N31́ 23.179' ,W81́ 16.031',1,"2018-10-21, 3:47 PM",2386.567565,-81.26718996,31.38632099,3.613297059,114.3624971
111,997,46,35.54,1,Dunes,U,South Beach,1,N31́ 23.171' ,W81́ 16.031',1,"2018-10-21, 3:52 PM",1290.699466,-81.26718703,31.38618001,1.044387073,106.5158039
112,998,32,30.94,2,Dunes,U,South Beach,1,N31́ 23.171' ,W81́ 16.032',0,"2018-10-21, 3:53 PM",784.411075,-81.26719801,31.38618001,1.044387073,107.4283184
113,999,48,42.58,2,Dunes,U,South Beach,1,N31́ 23.172' ,W81́ 16.033',0,"2018-10-21, 3:54 PM",1619.942774,-81.26722299,31.38619401,2.838139897,110.259364
114,1000,34,27,2,Dunes,U-L,South Beach,1,N31́ 23.170' ,W81́ 16.036',2,"2018-10-21, 3:56 PM",713.9976164,-81.26725903,31.38616601,4.624875013,111.7444736
115,1001,35,37.98,1,Dunes,U,South Beach,1,N31́ 23.164' ,W81́ 16.042',1,"2018-10-21, 3:59 PM",1031.799715,-81.26737403,31.38605998,1.144995175,115.5834976
116,1002,36,34.96,3,Dunes,R,South Beach,1,N31́ 23.164' ,W81́ 16.043',1,"2018-10-21, 4:00 PM",998.90457,-81.26738601,31.38605897,1.144995175,116.5246512
117,1003,40,25.7,3,Dunes,U-R,South Beach,1,N31́ 23.165' ,W81́ 16.043',0,"2018-10-21, 4:02 PM",811.0225639,-81.26738601,31.38608797,0.443137099,118.0886446
118,1004,46,56.02,2,Dunes,D-R,South Beach,1,N31́ 23.165' ,W81́ 16.043',0,"2018-10-21, 4:03 PM",2031.827876,-81.26738199,31.38608999,0.443137099,117.8634942
119,1005,47,41.08,3,Dunes,L,South Beach,1,N31́ 23.154' ,W81́ 16.045',0,"2018-10-21, 4:09 PM",1513.834225,-81.26742499,31.38589997,8.944572792,111.1891756
120,1006,54,34.78,0,Dunes,U-L,South Beach,1,N31́ 23.153' ,W81́ 16.052',0,"2018-10-21, 4:10 PM",1471.247738,-81.26753798,31.38587901,7.118619418,119.4490865
121,1007,34,42.78,1,Dunes,U-L,South Beach,1,N31́ 23.150' ,W81́ 16.049',-1,"2018-10-21, 4:12 PM",1145.065283,-81.26748702,31.38583199,7.118619418,112.6781127
122,1008,37,38.38,2,Dunes,D-R,South Beach,1,N31́ 23.145' ,W81́ 16.058',1,"2018-10-21, 4:39 PM",1114.709644,-81.26763001,31.38574901,1.74816082,120.0864833
123,1009,46,43.04,1,Dunes,U,South Beach,1,N31́ 23.145' ,W81́ 16.059',1,"2018-10-21, 4:39 PM",1546.849851,-81.26764703,31.38575496,1.74816082,121.8218605
124,1010,50,66.48,3,Dunes,D-R,South Beach,1,N31́ 23.137' ,W81́ 16.065',1,"2018-10-21, 4:41 PM",2627.371742,-81.267743,31.38562496,6.50942669,122.7867284
125,1011,34,28.46,3,Dunes,D-R,South Beach,1,N31́ 23.134' ,W81́ 16.066',1,"2018-10-21, 4:43 PM",752.8299007,-81.26776697,31.38556997,6.219718498,121.8131833
126,1012,69,74.41,2,Dunes,U-L,South Beach,1,N31́ 23.131' ,W81́ 16.066',1,"2018-10-21, 4:47 PM",4025.448959,-81.26777099,31.38551398,6.219718498,119.1277096
127,1013,28,27.72,1,Dunes,D-R,South Beach,1,N31́ 23.120' ,W81́ 16.072',1,"2018-10-21, 4:50 PM",610.2477756,-81.26786797,31.38533796,6.732509995,117.6946803
128,1014,43,43.93,2,Dunes,R,South Beach,1,N31́ 23.116' ,W81́ 16.073',1,"2018-10-21, 4:54 PM",1483.609277,-81.26788197,31.38526998,0.773686981,115.1920059
129,1015,41,31.51,2,Dunes,D-L,South Beach,1,N31́ 23.116' ,W81́ 16.073',0,"2018-10-21, 4:55 PM",1005.754499,-81.26789002,31.38526898,0.773686981,115.8070954
130,1016,51,71.19,2,Dunes,U-L,South Beach,1,N31́ 23.105' ,W81́ 16.079',1,"2018-10-21, 4:57 PM",2826.93576,-81.26798297,31.38509103,0.491375984,113.9350988
131,1017,37,29.13,1,Dunes,D-L,South Beach,1,N31́ 23.106' ,W81́ 16.079',0,"2018-10-21, 4:58 PM",846.281208,-81.267988,31.38509204,0.491375984,114.4076029
132,1018,34,57.34,1,Dunes,U-L,South Beach,1,N31́ 23.102' ,W81́ 16.081',0,"2018-10-21, 5:03 PM",1514.96834,-81.26801499,31.38503102,7.236359449,113.3598712
133,1019,38,48.18,1,Dunes,U-R,South Beach,1,N31́ 23.102' ,W81́ 16.086',1,"2018-10-21, 5:04 PM",1451.939352,-81.26809303,31.38503797,4.633373554,120.2204608
134,1020,36,62.19,3,Dunes,U-R,South Beach,1,N31́ 23.100' ,W81́ 16.088',1,"2018-10-21, 5:06 PM",1745.681407,-81.26813804,31.38500302,1.494776977,122.0763097
135,1021,22,25.55,0,Dunes,D,South Beach,1,N31́ 23.101' ,W81́ 16.088',1,"2018-10-21, 5:07 PM",443.479,-81.26813703,31.38502004,1.889555093,122.9102612
136,1022,41,47.27,3,Dunes,U-R,South Beach,1,N31́ 23.098' ,W81́ 16.085',0,"2018-10-21, 5:08 PM",1534.779381,-81.26809102,31.38496203,5.638670102,115.9579551
137,1023,34,26.61,2,Dunes,U-L,South Beach,1,N31́ 23.093' ,W81́ 16.089',0,"2018-10-21, 5:12 PM",714.5520289,-81.26814198,31.384884,3.10490874,115.984992
138,1024,34,37.04,2,Dunes,U-L,South Beach,1,N31́ 23.095' ,W81́ 16.088',0,"2018-10-21, 5:13 PM",979.7898637,-81.26813997,31.38491501,0.348093753,117.4903175
139,1025,32,37.04,1,Dunes,NA,South Beach,1,N31́ 23.095' ,W81́ 16.088',0,"2018-10-21, 5:14 PM",932.3712925,-81.26814097,31.38491199,0.348093753,117.410557
140,1026,40,28.28,2,Dunes,U,South Beach,1,N31́ 23.095' ,W81́ 16.089',0,"2018-10-21, 5:16 PM",888.2202918,-81.26814499,31.38491803,0.583200695,118.070391
141,1027,45,51.59,3,Dunes,U-R,South Beach,1,N31́ 23.097' ,W81́ 16.091',0,"2018-10-21, 5:17 PM",1805.107695,-81.26817802,31.384942,2.552399682,122.1081689
142,1028,56,61.56,2,Dunes,D-R,South Beach,1,N31́ 23.097' ,W81́ 16.092',0,"2018-10-21, 5:19 PM",2731.724768,-81.26820803,31.38495801,3.361439081,125.4656748
143,1029,41,51.2,3,Dunes,U-L,South Beach,1,N31́ 23.100' ,W81́ 16.091',0,"2018-10-21, 5:20 PM",1665.597027,-81.26818699,31.38499204,1.056860841,125.5523139
144,1030,45,42.94,1,Dunes,U,South Beach,1,N31́ 23.099' ,W81́ 16.091',0,"2018-10-21, 5:22 PM",1531.78937,-81.26817601,31.38498601,0.528273322,124.3145848
145,1031,46,31.11,0,Dunes,D,South Beach,1,N31́ 23.099' ,W81́ 16.091',-1,"2018-10-21, 5:23 PM",1121.019847,-81.26818104,31.38498399,0.528273322,124.6236814
146,1032,30,52.66,3,Dunes,D-R,South Beach,1,N31́ 23.100' ,W81́ 16.089',0,"2018-10-21, 5:24 PM",1232.913796,-81.26815799,31.38500101,0.520916183,123.6259228
147,1033,50,31.09,1,Dunes,U,South Beach,1,N31́ 23.100' ,W81́ 16.089',0,"2018-10-21, 5:25 PM",1216.017839,-81.26815304,31.384999,0.520916183,123.1061366
148,1034,35,35.21,3,Dunes,D,South Beach,1,N31́ 23.099' ,W81́ 16.089',0,"2018-10-21, 5:27 PM",963.4608076,-81.26814801,31.38497603,1.257607129,121.4493262
149,1035,47,48.65,1,Dunes,D-L,South Beach,1,N31́ 23.098' ,W81́ 16.089',-1,"2018-10-21, 5:28 PM",1798.90894,-81.26815598,31.38496698,1.255526217,121.6236328
150,1036,31,33.61,1,Dunes,D-R,South Beach,1,N31́ 23.098' ,W81́ 16.090',0,"2018-10-21, 5:30 PM",826.2333701,-81.26816897,31.38496899,0.56576002,122.811611
151,1037,44,43.81,1,Dunes,U-R,South Beach,1,N31́ 23.098' ,W81́ 16.090',0,"2018-10-21, 5:31 PM",1512.244501,-81.26816997,31.38496396,0.56576002,122.6234509
152,1038,35,34.32,3,Beach,D-R,South Beach,1,N31́ 23.353' ,W81́ 15.906',-2,"2018-10-22, 9:45 AM",954.7413172,-81.26510002,31.38922197,4.415995772,74.33808788
153,1039,19,14.68,3,Beach,L,South Beach,1,N31́ 23.355' ,W81́ 15.904',0,"2018-10-22, 9:47 AM",215.3737693,-81.26506699,31.38924996,4.415995772,72.93573231
154,1040,13,14.68,3,Beach,D,South Beach,1,N31́ 23.347' ,W81́ 15.908',0,"2018-10-22, 9:48 AM",145.0429346,-81.26513497,31.389113,12.53114456,71.85021265
155,1041,14,16.72,3,Beach,D,South Beach,1,N31́ 23.339' ,W81́ 15.913',-1,"2018-10-22, 9:49 AM",179.6438078,-81.26522298,31.38898099,4.005995021,72.71244782
156,1042,22,23,3,Beach,D,South Beach,1,N31́ 23.337' ,W81́ 15.915',-1,"2018-10-22, 9:51 AM",405.3597001,-81.26525098,31.388954,4.005995021,73.73796397
157,1043,20,22.13,3,Beach,U-L,South Beach,1,N31́ 23.317' ,W81́ 15.932',0,"2018-10-22, 9:52 AM",347.7910357,-81.26552599,31.38862199,0.804389829,80.46101655
158,1044,13,16.44,2,Beach,U-L,South Beach,1,N31́ 23.318' ,W81́ 15.932',0,"2018-10-22, 9:53 AM",167.3388176,-81.26553303,31.38862601,0.576691815,81.25972298
159,1045,16,21.12,3,Beach,U-R,South Beach,1,N31́ 23.318' ,W81́ 15.932',-1,"2018-10-22, 9:54 AM",260.9230929,-81.26553898,31.38862501,0.576691815,81.71466106
160,1046,43,42.38,3,Beach,U,South Beach,1,N31́ 23.315' ,W81́ 15.932',0,"2018-10-22, 9:55 AM",1421.276937,-81.26553797,31.38858897,3.834355726,79.82509028
161,1047,22,20.86,3,Beach,U-L,South Beach,1,N31́ 23.305' ,W81́ 15.935',0,"2018-10-22, 9:57 AM",363.3839382,-81.26558499,31.38841798,19.47907538,75.25751229
162,1048,19,16.98,3,Beach,U-L,South Beach,1,N31́ 23.292' ,W81́ 15.941',0,"2018-10-22, 9:58 AM",249.2509766,-81.265686,31.38819602,6.214602919,72.72110978
163,1049,15,10.58,3,Beach,U-R,South Beach,1,N31́ 23.290' ,W81́ 15.944',1,"2018-10-22, 9:59 AM",123.7286421,-81.26573604,31.38815998,6.214602919,75.20915371
164,1050,13,12.06,3,Beach,D-L,South Beach,1,N31́ 23.277' ,W81́ 15.957',0,"2018-10-22, 10:00 AM",118.6829302,-81.265945,31.38794398,5.434983928,83.28998509
165,1051,31,25.96,3,Beach,D-L,South Beach,1,N31́ 23.274' ,W81́ 15.957',0,"2018-10-22, 10:01 AM",634.5036983,-81.26594198,31.38789503,5.434983929,80.76623381
166,1052,33,32.78,3,Beach,U-R,South Beach,1,N31́ 23.269' ,W81́ 15.962',0,"2018-10-22, 10:03 AM",843.4177248,-81.26603401,31.38782001,2.006040146,85.25504347
167,1053,12,12.69,3,Beach,U-R,South Beach,1,N31́ 23.269' ,W81́ 15.963',1,"2018-10-22, 10:03 AM",123.5871134,-81.26605497,31.387818,2.006040146,86.97424611
168,1054,11,7.6,3,Beach,U,South Beach,1,N31́ 23.267' ,W81́ 15.964',1,"2018-10-22, 10:05 AM",63.80888839,-81.26606301,31.38778003,4.27885939,85.91423654
169,1055,33,27.3,3,Beach,U-L,South Beach,1,N31́ 23.268' ,W81́ 15.966',1,"2018-10-22, 10:06 AM",703.0625177,-81.26610501,31.38780098,3.0042158,90.51376533
170,1056,10,9.23,3,Beach,U-L,South Beach,1,N31́ 23.267' ,W81́ 15.968',0,"2018-10-22, 10:06 AM",68.94013021,-81.26612504,31.38778003,3.0042158,91.27708937
171,1057,28,26.79,3,Beach,D-R,South Beach,1,N31́ 23.264' ,W81́ 15.967',0,"2018-10-22, 10:08 AM",598.6112379,-81.26611196,31.387732,5.468775472,87.92612549
172,1058,19,29.59,3,Beach,U,South Beach,1,N31́ 23.247' ,W81́ 15.977',1,"2018-10-22, 10:10 AM",432.4951281,-81.26628396,31.387444,3.190797417,89.48416978
173,1059,30,36.43,3,Beach,R,South Beach,1,N31́ 23.247' ,W81́ 15.979',0,"2018-10-22, 10:11 AM",855.5004473,-81.26631699,31.38744903,3.190797417,92.57232124
174,1060,37,35.58,3,Beach,D-R,South Beach,1,N31́ 23.245' ,W81́ 15.980',1,"2018-10-22, 10:13 AM",1021.649701,-81.26633098,31.38742204,3.275061429,92.53427228
175,1061,27,30.96,3,Beach,D,South Beach,1,N31́ 23.240' ,W81́ 15.983',0,"2018-10-22, 10:14 AM",663.3384923,-81.26638102,31.38733897,10.3675846,93.02076315
176,1062,53,39.34,3,Beach,R,South Beach,1,N31́ 23.231' ,W81́ 15.987',2,"2018-10-22, 10:15 AM",1631.391366,-81.26645604,31.38718097,3.295895165,92.20342899
177,1063,11,11.28,3,Beach,U,South Beach,1,N31́ 23.231' ,W81́ 15.989',2,"2018-10-22, 10:17 AM",99.75561985,-81.26648999,31.38717502,3.295895165,94.86359775
178,1064,12,12.36,2,Beach,U-R,South Beach,1,N31́ 23.226' ,W81́ 15.991',2,"2018-10-22, 10:18 AM",118.8200607,-81.26651497,31.38709598,4.404273488,93.36979295
179,1065,20,18.38,2,Beach,R,South Beach,1,N31́ 23.223' ,W81́ 15.990',3,"2018-10-22, 10:19 AM",282.0719805,-81.266506,31.38705701,4.404273489,90.79295601
180,1066,22,20.87,3,Beach,D-L,South Beach,1,N31́ 23.221' ,W81́ 15.987',3,"2018-10-22, 10:20 AM",365.1972654,-81.266449,31.38702499,6.480617148,84.38485891
181,1067,16,16.4,3,Beach,L,South Beach,1,N31́ 23.218' ,W81́ 15.989',2,"2018-10-22, 10:22 AM",207.8917523,-81.26647901,31.38696497,4.670053689,84.20509882
182,1068,27,24.7,2,Beach,L,South Beach,1,N31́ 23.216' ,W81́ 15.991',2,"2018-10-22, 10:23 AM",532.3177424,-81.26651103,31.38693304,4.390486392,85.49753241
183,1069,35,31.74,3,Beach,U-R,South Beach,1,N31́ 23.216' ,W81́ 15.993',2,"2018-10-22, 10:23 AM",868.5102537,-81.26655696,31.38693698,4.390486392,89.65060943
184,1070,35,42.35,3,Beach,R,South Beach,1,N31́ 23.215' ,W81́ 15.998',3,"2018-10-22, 10:25 AM",1157.171489,-81.26663701,31.38692097,5.481131899,95.83143902
185,1071,37,45.82,3,Beach,R,South Beach,1,N31́ 23.212' ,W81́ 15.998',2,"2018-10-22, 10:26 AM",1341.593267,-81.26662896,31.38687202,3.618443924,92.87283763
186,1072,15,18.93,3,Beach,U-L,South Beach,1,N31́ 23.212' ,W81́ 15.995',3,"2018-10-22, 10:27 AM",228.6634916,-81.26659099,31.38687403,2.282691557,89.68298121
187,1073,16,20.72,1,Beach,D-L,South Beach,1,N31́ 23.213' ,W81́ 15.994',3,"2018-10-22, 10:28 AM",265.5827031,-81.26656702,31.38687504,2.282691557,87.65729726
188,1074,31,27.51,2,Beach,U,South Beach,1,N31́ 23.201' ,W81́ 16.001',3,"2018-10-22, 10:30 AM",676.2772988,-81.26667598,31.38667798,18.25144594,87.96890134
189,1075,8,10.58,1,Beach,D,South Beach,1,N31́ 23.191' ,W81́ 16.006',2,"2018-10-22, 10:31 AM",64.98038829,-81.26676399,31.38651101,6.050374358,87.86012183
190,1076,14,14.79,1,Beach,U-L,South Beach,1,N31́ 23.188' ,W81́ 16.003',3,"2018-10-22, 10:33 AM",164.9477515,-81.266722,31.38647002,4.299499638,82.33510018
191,1077,17,15.84,3,Beach,L,South Beach,1,N31́ 23.187' ,W81́ 16.006',2,"2018-10-22, 10:34 AM",210.3723538,-81.26675997,31.38644898,4.299499638,84.645348
192,1078,30,25.19,3,Beach,U-L,South Beach,1,N31́ 23.165' ,W81́ 16.030',3,"2018-10-22, 10:36 AM",586.4030874,-81.26716398,31.38608001,6.243737881,99.20708818
193,1079,39,33.68,3,Beach,D,South Beach,1,N31́ 23.162' ,W81́ 16.033',2,"2018-10-22, 10:37 AM",1021.584356,-81.26720899,31.38603902,6.243737881,100.7371065
194,1080,15,16.08,3,Beach,D-R,South Beach,1,N31́ 23.149' ,W81́ 16.037',3,"2018-10-22, 10:39 AM",187.1647806,-81.26728602,31.38582403,1.468647075,95.54424445
195,1081,22,20.18,3,Beach,L,South Beach,1,N31́ 23.149' ,W81́ 16.037',3,"2018-10-22, 10:40 AM",349.1608487,-81.26728904,31.38581104,1.468647075,95.09466628
196,1082,17,16.37,3,Beach,R,South Beach,1,N31́ 23.150' ,W81́ 16.042',2,"2018-10-22, 10:41 AM",219.5970123,-81.26736204,31.38584004,7.445541627,102.7254967
197,1083,26,34.98,2,Beach,U-R,South Beach,1,N31́ 23.139' ,W81́ 16.048',3,"2018-10-22, 10:43 AM",719.5238349,-81.26747402,31.38565304,11.42083595,101.9468128
198,1084,38,41.25,3,Dunes,R,South Beach,1,N31́ 23.136' ,W81́ 16.055',3,"2018-10-22, 10:45 AM",1243.422737,-81.26757897,31.385603,6.714203946,107.9702634
199,1085,54,43.34,3,Dunes,U-L,South Beach,1,N31́ 23.133' ,W81́ 16.057',4,"2018-10-22, 10:47 AM",1831.647006,-81.26762196,31.38555497,6.714203946,108.9527746
200,1086,24,24.68,2,Dunes,U-L,South Beach,1,N31́ 23.128' ,W81́ 16.061',3,"2018-10-22, 10:49 AM",461.7179873,-81.26767804,31.38546403,4.135631227,108.709011
201,1087,27,27.08,2,Beach,U-R,South Beach,1,N31́ 23.126' ,W81́ 16.059',4,"2018-10-22, 10:50 AM",580.41961,-81.26764803,31.38543704,4.135631227,104.7593599
202,1088,25,34.92,3,Beach,U-L,South Beach,1,N31́ 23.120' ,W81́ 16.055',4,"2018-10-22, 10:51 AM",693.3319057,-81.26758802,31.38533503,12.66919156,94.27059768
203,1090,32,32.48,3,Dunes,U-R,South Beach,1,N31́ 23.121' ,W81́ 16.068',3,"2018-10-22, 10:56 AM",820.9031869,-81.26779798,31.38534701,5.935995268,112.3660234
204,1091,37,27.96,1,Dunes,L,South Beach,1,N31́ 23.118' ,W81́ 16.068',3,"2018-10-22, 10:57 AM",813.3884973,-81.26780704,31.38529404,5.935995268,110.2622865
205,1092,42,61.26,1,Beach,R,South Beach,1,N31́ 23.099' ,W81́ 16.074',4,"2018-10-22, 11:00 AM",1998.634436,-81.26789496,31.38498299,3.764185162,100.7941073
206,1093,28,21,1,Beach,L,South Beach,1,N31́ 23.098' ,W81́ 16.076',3,"2018-10-22, 11:01 AM",454.2271738,-81.26792698,31.38496304,3.764185162,102.3793258
207,1094,6,13.03,3,Beach,R,South Beach,1,N31́ 23.083' ,W81́ 16.084',3,"2018-10-22, 11:04 AM",66.00761055,-81.268074,31.38471896,5.99914908,101.4347962
208,1095,27,25.69,0,Beach,D-L,South Beach,1,N31́ 23.081' ,W81́ 16.081',3,"2018-10-22, 11:06 AM",538.3191269,-81.26802002,31.38468199,6.570061437,94.96304043
209,1096,11,10.1,3,Beach,L,South Beach,1,N31́ 23.078' ,W81́ 16.077',4,"2018-10-22, 11:07 AM",84.00540216,-81.26794601,31.38463799,8.564937714,86.45638777
210,1097,15,9.18,3,Beach,U,South Beach,1,N31́ 23.079' ,W81́ 16.088',5,"2018-10-22, 11:09 AM",106.6352365,-81.26813401,31.38464704,3.24092061,102.883787
211,1098,10,11.74,2,Beach,D,South Beach,1,N31́ 23.081' ,W81́ 16.088',3,"2018-10-22, 11:10 AM",93.86544778,-81.26813896,31.38467596,3.24092061,104.738174
212,1099,39,54.29,3,Beach,D,South Beach,1,N31́ 23.083' ,W81́ 16.088',3,"2018-10-22, 11:11 AM",1671.032846,-81.26813703,31.38471703,4.55738036,106.6194333
213,1101,41,32.46,3,Dunes,D,South Beach,1,N31́ 23.088' ,W81́ 16.095',4,"2018-10-22, 11:15 AM",1040.666075,-81.26825304,31.38480202,3.762683202,120.7945583
214,1102,37,46.51,2,Dunes,D,South Beach,1,N31́ 23.087' ,W81́ 16.093',4,"2018-10-22, 11:16 AM",1366.179685,-81.268217,31.38478803,3.762683202,117.044171
215,1103,20,14.2,3,Dunes,D,South Beach,1,N31́ 23.082' ,W81́ 16.097',5,"2018-10-22, 11:18 AM",222.3839192,-81.26828497,31.38470798,10.8601165,118.7488127
216,1104,50,47.62,1,Dunes,U,South Beach,1,N31́ 23.078' ,W81́ 16.101',6,"2018-10-22, 11:19 AM",1853.20273,-81.26835798,31.38463003,3.562624379,121.0981714
217,1105,40,39.6,3,Dunes,U,South Beach,1,N31́ 23.077' ,W81́ 16.100',6,"2018-10-22, 11:21 AM",1238.472373,-81.26832697,31.38461201,3.562624379,117.5665447
218,1106,48,50.68,2,Dunes,U,South Beach,1,N31́ 23.070' ,W81́ 16.103',6,"2018-10-22, 11:24 AM",1897.853715,-81.268376,31.384496,6.658150622,115.9893364
219,1107,53,56.8,0,Dunes,U,South Beach,1,N31́ 23.072' ,W81́ 16.106',5,"2018-10-22, 11:26 AM",2350.087234,-81.26843199,31.38453204,4.461367904,122.5395083
220,1108,26,32.09,0,Dunes,D,South Beach,1,N31́ 23.071' ,W81́ 16.108',7,"2018-10-22, 11:28 AM",644.1995957,-81.26847197,31.384511,4.461367904,124.8986886
221,1109,45,42.94,2,Dunes,D,South Beach,1,N31́ 23.035' ,W81́ 16.138',5,"2018-10-22, 11:44 AM",1511.554372,-81.26897103,31.38390901,15.47422846,137.5307344
222,1110,35,40.2,1,Dunes,U,South Beach,1,N31́ 23.026' ,W81́ 16.140',5,"2018-10-22, 11:47 AM",1098.109155,-81.268995,31.38377097,10.28193459,132.7295533
223,1111,42,52.92,3,Dunes,U-R,South Beach,1,N31́ 23.028' ,W81́ 16.146',5,"2018-10-22, 11:48 AM",1745.657374,-81.26909601,31.38380399,2.416597315,142.9608431
224,1112,35,40.3,0,Dunes,U-R,South Beach,1,N31́ 23.028' ,W81́ 16.147',5,"2018-10-22, 11:52 AM",1097.675615,-81.26912098,31.38380801,2.416597315,145.2847559
225,1113,40,42.42,1,Dunes,R,South Beach,1,N31́ 23.020' ,W81́ 16.148',6,"2018-10-22, 11:54 AM",1327.999281,-81.269138,31.38366301,4.005740664,139.5473085
226,1114,51,54,1,Dunes,U-L,South Beach,1,N31́ 23.019' ,W81́ 16.150',5,"2018-10-22, 11:55 AM",2181.223487,-81.26917304,31.38364297,2.019066236,141.5357557
227,1115,56,57,0,Dunes,U,South Beach,1,N31́ 23.018' ,W81́ 16.152',4,"2018-10-22, 11:56 AM",2515.049123,-81.26919399,31.38364004,2.019066236,143.1731936
228,1116,43,47.76,3,Dunes,D-R,South Beach,1,N31́ 23.007' ,W81́ 16.158',4,"2018-10-22, 11:59 AM",1618.207986,-81.26929801,31.38345203,0.827444272,142.7071988
229,1117,39,39.74,2,Dunes,U-L,South Beach,1,N31́ 23.007' ,W81́ 16.158',4,"2018-10-22, 12:00 PM",1222.875308,-81.26930597,31.38344902,0.827444272,143.2353536
230,1118,51,39.41,3,Dunes,D,South Beach,1,N31́ 23.006' ,W81́ 16.155',3,"2018-10-22, 12:02 PM",1573.627216,-81.26925501,31.38343301,4.601815398,138.105754
231,1119,19,27.44,3,Dunes,U,South Beach,1,N31́ 23.001' ,W81́ 16.159',4,"2018-10-22, 12:04 PM",402.5787623,-81.26932299,31.383346,11.53661212,139.5783081
232,1120,54,45.4,2,Dunes,D-R,South Beach,1,N31́ 22.997' ,W81́ 16.169',4,"2018-10-22, 12:06 PM",1921.203288,-81.269483,31.38329102,2.512189316,149.9826644
233,1121,29,37.36,1,Dunes,U,South Beach,1,N31́ 22.996' ,W81́ 16.170',4,"2018-10-22, 12:07 PM",854.4528832,-81.26949901,31.383273,2.512189316,149.9984651
234,1122,37,45.1,0,Dunes,U-R,South Beach,1,N31́ 22.906' ,W81́ 16.274',4,"2018-10-22, 12:16 PM",1296.779547,-81.27122702,31.38176601,3.569977921,180.7964066
235,1123,40,48.68,0,Dunes,D,South Beach,1,N31́ 22.905' ,W81́ 16.278',4,"2018-10-22, 12:17 PM",1514.798694,-81.27129802,31.38175,4.29671164,185.1195587
236,1124,39,42.22,1,Dunes,L,South Beach,1,N31́ 22.904' ,W81́ 16.275',5,"2018-10-22, 12:21 PM",1292.557718,-81.27125803,31.38173198,2.584570775,180.8794821
237,1125,46,40.52,0,Dunes,U-L,South Beach,1,N31́ 22.904' ,W81́ 16.274',5,"2018-10-22, 12:22 PM",1453.735558,-81.27123096,31.38173399,2.584570775,178.9578693
238,1126,25,22.1,1,Dunes,U,South Beach,1,N31́ 22.900' ,W81́ 16.269',5,"2018-10-22, 12:24 PM",426.2952735,-81.271151,31.38167197,10.25362997,168.7447255
239,1127,29,30.1,0,Dunes,U,South Beach,1,N31́ 22.896' ,W81́ 16.289',6,"2018-10-22, 12:34 PM",687.9381053,-81.271482,31.38160097,15.26509102,189.1420792
240,1128,30,29.16,2,Dunes,D,South Beach,1,N31́ 22.888' ,W81́ 16.293',4,"2018-10-22, 12:36 PM",693.9369765,-81.27154402,31.38147399,9.191509816,185.3745915
241,1129,49,59.21,0,Dunes,D,South Beach,1,N31́ 22.887' ,W81́ 16.298',5,"2018-10-22, 12:37 PM",2260.996536,-81.27163497,31.38144599,3.260237007,190.4123826
242,1130,39,56.1,2,Dunes,D,South Beach,1,N31́ 22.886' ,W81́ 16.300',4,"2018-10-22, 12:39 PM",1731.150284,-81.27165902,31.38142504,3.260237007,190.8401674
243,1131,44,55.88,2,Dunes,U,South Beach,1,N31́ 22.883' ,W81́ 16.307',6,"2018-10-22, 12:40 PM",1953.018197,-81.271785,31.38138799,2.012577979,197.9341082
244,1132,58,52.37,0,Dunes,D-L,South Beach,1,N31́ 22.882' ,W81́ 16.307',6,"2018-10-22, 12:41 PM",2370.808237,-81.27177503,31.38137198,2.012577979,196.1080686
245,1133,71,68.09,0,Dunes,U-L,South Beach,1,N31́ 22.881' ,W81́ 16.306',6,"2018-10-22, 12:43 PM",3807.081802,-81.27177402,31.38134298,2.383864718,194.0952451
246,1134,30,63.7,0,Dunes,L,South Beach,1,N31́ 22.880' ,W81́ 16.305',6,"2018-10-22, 12:44 PM",1515.904849,-81.271755,31.38132898,2.383864719,191.7160988
247,1135,40,30.17,1,Dunes,D-L,South Beach,1,N31́ 22.880' ,W81́ 16.304',5,"2018-10-22, 12:46 PM",938.5772732,-81.271726,31.38133502,2.255008629,189.9169503
248,1136,42,51.34,0,Dunes,L,South Beach,1,N31́ 22.880' ,W81́ 16.302',6,"2018-10-22, 12:47 PM",1703.618937,-81.27170303,31.38132999,2.255008629,187.8366846
249,1137,46,41.14,0,Dunes,D,South Beach,1,N31́ 22.873' ,W81́ 16.294',6,"2018-10-22, 12:48 PM",1481.795321,-81.27157303,31.38122496,16.98611995,170.9517762
250,1138,54,48.68,0,Dunes,U,South Beach,1,N31́ 22.826' ,W81́ 16.371',5,"2018-10-22, 12:56 PM",2050.063251,-81.27285001,31.38042801,102.753676,188.145369
251,1139,34,40.79,1,Dunes,L,South Beach,1,N31́ 22.805' ,W81́ 16.431',5,"2018-10-22, 12:59 PM",1081.548563,-81.27385399,31.38008603,38.07842031,190.6338831
252,1140,50,47.5,1,Beach,U,South Beach,1,N31́ 22.797' ,W81́ 16.453',5,"2018-10-22, 1:01 PM",1878.004818,-81.27422104,31.37994898,2.591984315,186.4150909
253,1141,33,34.1,2,Dunes,U,South Beach,1,N31́ 22.797' ,W81́ 16.455',6,"2018-10-22, 1:02 PM",894.2535634,-81.27424702,31.37995603,1.136021843,187.6407414
254,1142,62,50.19,0,Dunes,U,South Beach,1,N31́ 22.797' ,W81́ 16.455',5,"2018-10-22, 1:03 PM",2436.890853,-81.274258,31.379952,1.136021842,187.3949822
255,1143,24,30.24,0,Dunes,L,South Beach,1,N31́ 22.795' ,W81́ 16.460',6,"2018-10-22, 1:05 PM",581.8857913,-81.27433101,31.37991504,2.220846619,184.6534791
256,1144,35,36.83,1,Beach,U-L,South Beach,1,N31́ 22.793' ,W81́ 16.460',5,"2018-10-22, 1:06 PM",1017.334959,-81.27433604,31.37988101,1.624333469,181.0341568
257,1145,33,32.68,1,Beach,D,South Beach,1,N31́ 22.794' ,W81́ 16.460',5,"2018-10-22, 1:07 PM",838.7914155,-81.27433101,31.37989501,1.624333469,182.4710175
258,1146,48,48.32,1,Dunes,U-L,South Beach,1,N31́ 22.793' ,W81́ 16.463',4,"2018-10-22, 1:08 PM",1833.765225,-81.27438197,31.37988503,4.391702507,182.2809667
259,1147,26,47.68,0,Dunes,U,South Beach,1,N31́ 22.790' ,W81́ 16.465',5,"2018-10-22, 1:10 PM",982.6298635,-81.27440996,31.37984002,4.388837089,177.8695773
260,1148,36,39.16,1,Dunes,U,South Beach,1,N31́ 22.790' ,W81́ 16.468',5,"2018-10-22, 1:15 PM",1101.6868,-81.27446897,31.37983399,0.096074846,178.2516762
261,1149,35,37.84,2,Dunes,U,South Beach,1,N31́ 22.790' ,W81́ 16.468',5,"2018-10-22, 1:16 PM",1030.671098,-81.27446998,31.37983399,0.096074846,178.2694616
262,1150,47,56.24,1,Dunes,U,South Beach,1,N31́ 22.791' ,W81́ 16.467',4,"2018-10-22, 1:17 PM",2060.125772,-81.27445104,31.37985804,3.165366011,180.5564197
263,1151,55,58.74,2,Dunes,U,South Beach,1,N31́ 22.793' ,W81́ 16.471',5,"2018-10-22, 1:19 PM",2527.236303,-81.27452304,31.37988897,0.288137626,185.1944133
264,1152,54,43.66,2,Dunes,U,South Beach,1,N31́ 22.793' ,W81́ 16.471',5,"2018-10-22, 1:19 PM",1847.571268,-81.27452496,31.37989098,0.288137626,185.4472321
265,1153,74,69.76,1,Dunes,U-L,South Beach,1,N31́ 22.794' ,W81́ 16.471',5,"2018-10-22, 1:20 PM",4052.22224,-81.274517,31.37989702,1.0108477,185.9651775
266,1154,51,50.96,2,Dunes,U-L,South Beach,1,N31́ 22.795' ,W81́ 16.474',6,"2018-10-22, 1:21 PM",2023.607899,-81.27456,31.379922,1.188668477,189.4441918
267,1155,41,34.78,1,Dunes,D,South Beach,1,N31́ 22.795' ,W81́ 16.474',5,"2018-10-22, 1:22 PM",1109.581937,-81.27457199,31.37991898,1.188668477,189.3262705
268,1156,27,35.08,1,Dunes,U-R,South Beach,1,N31́ 22.796' ,W81́ 16.476',5,"2018-10-22, 1:23 PM",738.9384063,-81.27459303,31.37992803,2.238853625,190.682857
269,1157,59,66.88,1,Dunes,D,South Beach,1,N31́ 22.794' ,W81́ 16.478',6,"2018-10-22, 1:24 PM",3095.441401,-81.27463896,31.37989501,3.518500384,187.8938132
270,1158,40,39.61,2,Dunes,D-R,South Beach,1,N31́ 22.794' ,W81́ 16.476',6,"2018-10-22, 1:26 PM",1231.318809,-81.27460199,31.379894,3.518500384,187.1327425
271,1159,36,36.96,1,Dunes,U-L,South Beach,1,N31́ 22.792' ,W81́ 16.477',7,"2018-10-22, 1:27 PM",1046.180513,-81.27461901,31.37986097,4.004139763,183.8335201
272,1187,16,14.31,1,Beach,U,South Beach,1,N31́ 22.749',W81́ 16.492',15,"2018-10-23, 3:50 PM",179.1504206,-81.274862,31.379146,3.420983193,110.2096678
273,1188,41,42.18,2,Beach,D-L,South Beach,1,N31́ 22.748',W81́ 16.494',14,"2018-10-23, 3:51 PM",1370.509271,-81.27489603,31.37913602,3.420983193,109.7215136
274,1191,49,39.18,1,Beach,D-L,South Beach,1,N31́ 22.771',W81́ 16.510',12,"2018-10-23, 3:56 PM",1521.362738,-81.27516702,31.37951296,1.618811339,155.5648166
275,1192,37,35.04,1,Beach,D,South Beach,1,N31́ 22.770',W81́ 16.511',12,"2018-10-23, 3:56 PM",1009.446498,-81.27518303,31.37950801,1.618811339,155.3074032
276,1193,45,33.79,1,Beach,D,South Beach,1,N31́ 22.770',W81́ 16.509',11,"2018-10-23, 3:57 PM",1181.498647,-81.27514598,31.379505,2.187365602,154.3269852
277,1194,61,52.98,2,Beach,U,South Beach,1,N31́ 22.775',W81́ 16.514',11,"2018-10-23, 3:58 PM",2541.562908,-81.27522603,31.37957599,8.575689324,163.4716987
278,1196,29,28.14,3,Beach,U-R,South Beach,1,N31́ 22.801',W81́ 16.890',9,"2018-10-23, 4:10 PM",640.047981,-81.28150298,31.38002199,12.86544395,9.291144071
279,1197,16,12.46,2,Beach,D-R,South Beach,1,N31́ 22.794',W81́ 16.892',7,"2018-10-23, 4:14 PM",155.6962324,-81.28153299,31.37990498,4.574216043,4.987498113
280,1198,28,24.9,3,Beach,L,South Beach,1,N31́ 22.794',W81́ 16.889',6,"2018-10-23, 4:15 PM",555.9888577,-81.28148496,31.37990699,3.246757082,9.55831034
281,1199,32,21.16,3,Beach,U-L,South Beach,1,N31́ 22.795',W81́ 16.887',6,"2018-10-23, 4:16 PM",529.1497604,-81.28145101,31.37991001,1.932583187,12.80465207
282,1200,25,19.66,2,Beach,D-L,South Beach,1,N31́ 22.794',W81́ 16.886',6,"2018-10-23, 4:17 PM",390.5010664,-81.28143299,31.37990196,1.932583188,14.43440876
283,1201,20,22.34,2,Beach,U,South Beach,1,N31́ 22.793',W81́ 16.886',6,"2018-10-23, 4:18 PM",346.0030768,-81.28142503,31.379879,1.329403436,14.96669801
284,1202,55,58.46,3,Beach,L,South Beach,1,N31́ 22.792',W81́ 16.886',7,"2018-10-23, 4:18 PM",2538.14674,-81.28142503,31.37986701,1.329403436,14.85076195
285,1203,21,16.34,3,Beach,D,South Beach,1,N31́ 22.784',W81́ 16.890',6,"2018-10-23, 4:20 PM",268.0898511,-81.28149703,31.37972804,3.139268982,6.684192228
286,1204,35,27.76,2,Beach,U,South Beach,1,N31́ 22.784',W81́ 16.888',6,"2018-10-23, 4:21 PM",755.6799535,-81.28146099,31.37972997,1.639024422,10.1180515
287,1205,21,31.04,3,Beach,D-L,South Beach,1,N31́ 22.785',W81́ 16.888',6,"2018-10-23, 4:24 PM",507.5657622,-81.28146904,31.37974304,1.639024422,9.481602621
288,1206,26,20.49,2,Beach,U,South Beach,1,N31́ 22.783',W81́ 16.887',6,"2018-10-23, 4:25 PM",410.6884696,-81.28144297,31.37972301,1.879828809,11.75835101
289,1207,27,62.68,3,Beach,D-L,South Beach,1,N31́ 22.783',W81́ 16.884',6,"2018-10-23, 4:26 PM",1317.361534,-81.28139896,31.37972401,3.436113637,15.93846562
290,1208,25,32.68,2,Beach,D,South Beach,1,N31́ 22.782',W81́ 16.884',4,"2018-10-23, 4:27 PM",646.5469938,-81.28140802,31.37969401,3.436113636,14.78984679
291,1209,22,16.22,3,Beach,U,South Beach,1,N31́ 22.781',W81́ 16.887',4,"2018-10-23, 4:28 PM",282.6819207,-81.28144297,31.37968403,3.503889089,11.38143725
292,1210,28,27.42,2,Beach,D,South Beach,1,N31́ 22.781',W81́ 16.890',5,"2018-10-23, 4:29 PM",596.1058963,-81.28150097,31.37967599,5.588732611,5.807536675
293,1211,10,10.18,3,Beach,D,South Beach,1,N31́ 22.777',W81́ 16.889',5,"2018-10-23, 4:29 PM",81.39269663,-81.28148102,31.37962402,6.066678934,7.195504207
294,1212,27,18.76,3,Beach,U,South Beach,1,N31́ 22.771',W81́ 16.884',5,"2018-10-23, 4:31 PM",404.8922311,-81.28139896,31.37952201,2.401138352,13.98525291
295,1213,32,26.64,3,Beach,D-L,South Beach,1,N31́ 22.770',W81́ 16.885',4,"2018-10-23, 4:32 PM",679.5792697,-81.28141296,31.37950399,2.401138352,12.48434943
296,1215,36,31.94,3,Beach,D,South Beach,1,N31́ 22.947',W81́ 16.189',0,"2018-10-24, 9:56 AM",910.1061971,-81.26981702,31.38244403,9.731697134,118.9150606
297,1216,45,42.22,3,Dunes,U,South Beach,1,N31́ 22.956',W81́ 16.202',0,"2018-10-24, 10:00 AM",1496.820302,-81.27003402,31.382597,6.168429189,145.60619
298,1217,30,32.42,3,Dunes,R,South Beach,1,N31́ 22.953',W81́ 16.206',0,"2018-10-24, 10:01 AM",774.5725493,-81.27009597,31.38254503,3.422343521,146.8510669
299,1218,34,37.76,1,Dunes,R,South Beach,1,N31́ 22.953',W81́ 16.204',0,"2018-10-24, 10:02 AM",998.5388887,-81.27006001,31.38254603,3.422343521,144.1843049
300,1219,40,43.98,0,Dunes,U,South Beach,1,N31́ 22.951',W81́ 16.198',-2,"2018-10-24, 10:03 AM",1381.672449,-81.26996202,31.382511,9.959146994,134.4008596
301,1220,20,19.22,3,Beach,U,South Beach,1,N31́ 22.941',W81́ 16.193',0,"2018-10-24, 10:05 AM",309.1528233,-81.26987603,31.38235099,2.143420072,117.1988851
302,1221,34,29.62,1,Beach,U,South Beach,1,N31́ 22.942',W81́ 16.192',-2,"2018-10-24, 10:07 AM",791.8893221,-81.269872,31.38237001,2.143420072,118.1603529
303,1222,19,20.32,3,Beach,D-L,South Beach,1,N31́ 22.943',W81́ 16.195',0,"2018-10-24, 10:08 AM",300.3538506,-81.269914,31.38237697,4.06893306,121.8168159
304,1223,16,18.4,3,Beach,U-R,South Beach,1,N31́ 22.943',W81́ 16.198',0,"2018-10-24, 10:08 AM",235.990157,-81.26996697,31.38238996,5.240373294,126.7090756
305,1224,55,46.34,3,Dunes,U,South Beach,1,N31́ 22.948',W81́ 16.203',0,"2018-10-24, 10:10 AM",2000.288485,-81.27004903,31.38246104,5.839995195,137.6845942
306,1225,50,52.72,2,Dunes,U,South Beach,1,N31́ 22.950',W81́ 16.207',0,"2018-10-24, 10:11 AM",2079.832983,-81.27011701,31.38250404,2.238804991,145.718149
307,1226,30,30.23,3,Dunes,D,South Beach,1,N31́ 22.950',W81́ 16.206',0,"2018-10-24, 10:12 AM",705.6296702,-81.27009597,31.38249499,2.238804991,143.5156039
308,1227,52,49.39,2,Dunes,U,South Beach,1,N31́ 22.949',W81́ 16.213',0,"2018-10-24, 10:14 AM",2028.75964,-81.27020904,31.38248099,7.890749734,151.1771907
309,1228,50,53.33,2,Dunes,D,South Beach,1,N31́ 22.946',W81́ 16.209',0,"2018-10-24, 10:15 AM",2107.248641,-81.27015498,31.38242701,7.890749734,143.4698519
310,1229,55,42.88,3,Beach,L,South Beach,1,N31́ 22.940',W81́ 16.204',0,"2018-10-24, 10:19 AM",1841.506109,-81.27006202,31.38234001,10.60267175,130.6046294
311,1230,32,25.69,1,Beach,U,South Beach,1,N31́ 22.935',W81́ 16.199',1,"2018-10-24, 10:20 AM",646.0636597,-81.269987,31.38225401,2.752661063,119.1697261
312,1231,17,13.96,3,Beach,L,South Beach,1,N31́ 22.934',W81́ 16.199',0,"2018-10-24, 10:21 AM",184.1978605,-81.26997602,31.38223104,2.752661063,116.8040153
313,1232,52,44.68,3,Beach,D-R,South Beach,1,N31́ 22.932',W81́ 16.205',1,"2018-10-24, 10:22 AM",1827.570004,-81.27008297,31.38219601,2.718206937,122.5986437
314,1233,18,15.33,3,Beach,L,South Beach,1,N31́ 22.933',W81́ 16.206',1,"2018-10-24, 10:23 AM",211.1842984,-81.270101,31.38221503,2.718206937,125.2369542
315,1234,33,32.84,3,Beach,U,South Beach,1,N31́ 22.935',W81́ 16.211',-1,"2018-10-24, 10:25 AM",842.6401807,-81.27018297,31.38225401,8.914806111,134.0659879
316,1235,57,42.89,3,Dunes,U,South Beach,1,N31́ 22.943',W81́ 16.221',2,"2018-10-24, 10:27 AM",1921.433881,-81.27034902,31.38238904,8.414988191,155.6884804
317,1236,36,32.68,0,Dunes,U,South Beach,1,N31́ 22.939',W81́ 16.223',1,"2018-10-24, 10:29 AM",924.0052313,-81.27038003,31.38231796,1.456218292,153.3077563
318,1237,37,37.81,2,Dunes,U,South Beach,1,N31́ 22.939',W81́ 16.222',2,"2018-10-24, 10:30 AM",1102.905895,-81.27036704,31.38231101,1.456218292,151.8570893
319,1238,23,20.16,3,Dunes,L,South Beach,1,N31́ 22.933',W81́ 16.219',1,"2018-10-24, 10:31 AM",362.4317214,-81.27031398,31.382224,9.39409667,142.024119
320,1239,35,36.84,1,Beach,U,South Beach,1,N31́ 22.929',W81́ 16.212',1,"2018-10-24, 10:33 AM",1015.007117,-81.27020803,31.38215401,11.3409526,129.3052902
321,1240,30,26.67,3,Beach,L,South Beach,1,N31́ 22.922',W81́ 16.212',1,"2018-10-24, 10:34 AM",635.9378354,-81.27020099,31.38204002,5.425393849,121.1697993
322,1241,19,18.54,3,Beach,U,South Beach,1,N31́ 22.928',W81́ 16.220',1,"2018-10-24, 10:35 AM",270.5486186,-81.27032697,31.38214001,9.39409667,137.4128642
323,1242,49,52.18,1,Dunes,U,South Beach,1,N31́ 22.937',W81́ 16.228',1,"2018-10-24, 10:37 AM",2003.203883,-81.27047298,31.38228896,2.213975829,158.4401603
324,1243,47,62.74,3,Dunes,D,South Beach,1,N31́ 22.938',W81́ 16.229',2,"2018-10-24, 10:38 AM",2292.313973,-81.27048003,31.38230799,2.213975829,160.2445095
325,1244,44,40.18,1,Dunes,U,South Beach,1,N31́ 22.936',W81́ 16.231',2,"2018-10-24, 10:39 AM",1392.939143,-81.27051397,31.38226499,4.718653543,159.9582048
326,1245,50,36.32,0,Dunes,D-L,South Beach,1,N31́ 22.930',W81́ 16.229',2,"2018-10-24, 10:40 AM",1421.718959,-81.27048103,31.38216801,6.326460489,150.98208
327,1246,38,40.19,0,Dunes,U-L,South Beach,1,N31́ 22.931',W81́ 16.225',2,"2018-10-24, 10:41 AM",1195.056662,-81.27041297,31.38218603,6.775250027,147.016461
328,1247,40,46.28,3,Beach,U-L,South Beach,1,N31́ 22.922',W81́ 16.215',1,"2018-10-24, 10:43 AM",1469.195335,-81.27025598,31.38202703,5.425393849,124.4786588
329,1248,8,9.54,3,Beach,U,South Beach,1,N31́ 22.918',W81́ 16.213',2,"2018-10-24, 10:44 AM",62.78881325,-81.27022002,31.38195997,1.351603028,117.2705432
330,1249,16,18.69,3,Beach,R,South Beach,1,N31́ 22.918',W81́ 16.214',2,"2018-10-24, 10:45 AM",236.186585,-81.27022597,31.38197104,1.351603028,118.4614837
331,1250,39,36.41,2,Beach,U,South Beach,1,N31́ 22.917',W81́ 16.215',1,"2018-10-24, 10:45 AM",1105.248817,-81.27024902,31.38194203,3.400887108,118.275156
332,1251,40,32.24,3,Beach,D-L,South Beach,1,N31́ 22.925',W81́ 16.224',2,"2018-10-24, 10:46 AM",1017.660507,-81.27040098,31.38208302,7.957325498,139.2285572
333,1252,45,49.24,2,Dunes,U,South Beach,1,N31́ 22.927',W81́ 16.229',3,"2018-10-24, 10:48 AM",1722.882398,-81.27047801,31.38211101,6.32646049,146.9471954
334,1253,47,50.59,3,Dunes,R,South Beach,1,N31́ 22.927',W81́ 16.233',3,"2018-10-24, 10:50 AM",1884.947424,-81.27055303,31.38211898,7.190508195,153.1765773
335,1254,43,52.49,1,Dunes,U,South Beach,1,N31́ 22.928',W81́ 16.240',3,"2018-10-24, 10:52 AM",1773.523144,-81.27066703,31.38213901,11.06891061,163.1714069
336,1255,34,34.66,2,Beach,U-R,South Beach,1,N31́ 22.920',W81́ 16.233',1,"2018-10-24, 10:56 AM",923.9112977,-81.27055203,31.381993,8.575098217,144.68974
337,1256,28,32.38,2,Beach,D-L,South Beach,1,N31́ 22.916',W81́ 16.228',2,"2018-10-24, 10:57 AM",705.4612808,-81.27046402,31.38192996,0.964163276,133.7971626
338,1257,31,30.37,3,Beach,D-L,South Beach,1,N31́ 22.916',W81́ 16.228',1,"2018-10-24, 10:58 AM",735.6124021,-81.27046997,31.381937,0.964163276,134.7190437
339,1258,30,30,1,Beach,U,South Beach,1,N31́ 22.907',W81́ 16.226',2,"2018-10-24, 10:59 AM",702.617197,-81.27043602,31.38178303,4.091763777,121.8611366
340,1259,20,18.84,2,Beach,L,South Beach,1,N31́ 22.907',W81́ 16.229',2,"2018-10-24, 11:00 AM",291.7948956,-81.27047902,31.38178202,4.091763777,125.0592821
341,1260,38,34.74,3,Beach,D,South Beach,1,N31́ 22.909',W81́ 16.229',1,"2018-10-24, 11:01 AM",1036.001281,-81.27048296,31.38182301,4.560235829,128.0951473
342,1261,36,41.14,3,Beach,D,South Beach,1,N31́ 22.911',W81́ 16.232',2,"2018-10-24, 11:02 AM",1161.267419,-81.27053602,31.38184899,5.811313821,133.8592388
343,1262,40,35.14,1,Dunes,U,South Beach,1,N31́ 22.916',W81́ 16.237',2,"2018-10-24, 11:03 AM",1108.923459,-81.27061296,31.381936,8.575098217,145.5114508
344,1263,48,45.36,3,Dunes,D,South Beach,1,N31́ 22.917',W81́ 16.247',1,"2018-10-24, 11:04 AM",1698.987758,-81.27078798,31.38195201,5.181349999,159.8719928
345,1264,32,48.31,3,Dunes,R,South Beach,1,N31́ 22.915',W81́ 16.249',3,"2018-10-24, 11:05 AM",1232.37517,-81.27082402,31.38191697,5.18135,160.2696104
346,1265,56,44.96,2,Dunes,U,South Beach,1,N31́ 22.913',W81́ 16.245',2,"2018-10-24, 11:07 AM",1989.44999,-81.270748,31.38188596,8.006937354,152.4260313
347,1266,15,11.66,3,Beach,U,South Beach,1,N31́ 22.905',W81́ 16.237',3,"2018-10-24, 11:09 AM",137.7324485,-81.27061103,31.38175503,12.62704244,133.2826576
348,1267,18,18.78,3,Beach,L,South Beach,1,N31́ 22.896',W81́ 16.233',3,"2018-10-24, 11:10 AM",270.5109195,-81.27055798,31.381605,17.38328458,119.2372822
349,1268,69,85.1,2,Dunes,U,South Beach,1,N31́ 22.907',W81́ 16.254',2,"2018-10-24, 11:13 AM",4623.810205,-81.27090398,31.38178697,16.1364176,157.6628257
350,1269,53,49.82,1,Dunes,U,South Beach,1,N31́ 22.910',W81́ 16.267',4,"2018-10-24, 11:16 AM",2063.639015,-81.27111202,31.38183198,11.86166905,176.4672159
351,1270,23,23.78,2,Dunes,D,South Beach,1,N31́ 22.904',W81́ 16.264',3,"2018-10-24, 11:17 AM",433.6745605,-81.27106198,31.38173399,10.90821999,166.1248445
352,1271,27,32.68,3,Beach,U,South Beach,1,N31́ 22.876',W81́ 16.262',4,"2018-10-24, 11:20 AM",698.6506221,-81.27102502,31.381261,47.11613452,131.7395631
353,1272,36,32.68,3,Dunes,D,South Beach,1,N31́ 22.757',W81́ 16.548',3,"2018-10-24, 11:34 AM",918.3585326,-81.27579901,31.37927701,1.914542941,134.8965239
354,1273,33,37.42,3,Dunes,D,South Beach,1,N31́ 22.758',W81́ 16.547',2,"2018-10-24, 11:35 AM",959.8643123,-81.27578904,31.37929201,0.491404581,136.5731395
355,1274,29,34.29,3,Dunes,D,South Beach,1,N31́ 22.758',W81́ 16.546',3,"2018-10-24, 11:35 AM",776.6987792,-81.27577001,31.37929402,1.336345857,136.8220273
356,1275,37,30.96,3,Dunes,R,South Beach,1,N31́ 22.758',W81́ 16.547',2,"2018-10-24, 11:36 AM",908.4430379,-81.27578602,31.37929603,0.384626454,137.0229489
357,1276,29,24.48,1,Dunes,D,South Beach,1,N31́ 22.758',W81́ 16.547',3,"2018-10-24, 11:38 AM",554.4936166,-81.27578401,31.37929302,0.384626454,136.6919982
358,1277,56,42.38,2,Dunes,U,South Beach,1,N31́ 22.760',W81́ 16.550',3,"2018-10-24, 11:39 AM",1879.280933,-81.27583204,31.37932504,0.585150306,140.1761334
359,1278,22,30.18,0,Dunes,D,South Beach,1,N31́ 22.760',W81́ 16.550',4,"2018-10-24, 11:44 AM",526.6876942,-81.275826,31.37932604,0.585150307,140.2952658
360,1279,31,33.48,1,Dunes,R,South Beach,1,N31́ 22.759',W81́ 16.550',2,"2018-10-24, 11:45 AM",804.6309936,-81.27583497,31.37931598,0.508269293,139.16769
361,1280,43,38.8,1,Dunes,L,South Beach,1,N31́ 22.759',W81́ 16.549',2,"2018-10-24, 11:46 AM",1298.778385,-81.275825,31.37931598,0.763005684,139.1813375
362,1281,32,49.08,2,Dunes,L,South Beach,1,N31́ 22.759',W81́ 16.549',3,"2018-10-24, 11:46 AM",1246.621036,-81.27582097,31.37931003,0.763005684,138.5272101
363,1282,49,44.39,3,Dunes,U,South Beach,1,N31́ 22.758',W81́ 16.550',2,"2018-10-24, 11:47 AM",1700.657358,-81.27583598,31.37930802,0.61947404,138.2838259
364,1283,37,34.59,0,Dunes,L,South Beach,1,N31́ 22.759',W81́ 16.550',3,"2018-10-24, 11:49 AM",994.0376932,-81.275839,31.37931297,0.508269293,138.8284714
365,1284,47,46.42,1,Dunes,U,South Beach,1,N31́ 22.764',W81́ 16.554',2,"2018-10-24, 11:51 AM",1714.992916,-81.27590102,31.37939301,9.992513679,147.617174
366,1285,47,47.84,3,Beach,U,South Beach,1,N31́ 22.743',W81́ 16.541',1,"2018-10-24, 11:52 AM",1774.96969,-81.27567697,31.37905799,11.58316645,110.782041
367,1286,42,41.34,3,Beach,U,South Beach,1,N31́ 22.740',W81́ 16.535',2,"2018-10-24, 11:53 AM",1372.762264,-81.27557899,31.37899596,11.58316645,104.0392526
368,1287,26,26.22,3,Beach,U,South Beach,1,N31́ 22.735',W81́ 16.542',2,"2018-10-24, 11:55 AM",543.2470291,-81.27570497,31.37891097,15.24502053,94.44440811
369,1288,29,28.81,3,Beach,U,South Beach,1,N31́ 22.732',W81́ 16.552',1,"2018-10-24, 12:13 PM",651.4405741,-81.27586699,31.37886001,4.988834391,88.57296354
370,1289,41,42.84,2,Beach,U-L,South Beach,1,N31́ 22.734',W81́ 16.554',2,"2018-10-24, 12:15 PM",1390.608081,-81.27590002,31.37889496,4.988834391,92.40246658
371,1290,47,45.36,3,Beach,L,South Beach,1,N31́ 22.737',W81́ 16.553',2,"2018-10-24, 12:16 PM",1685.450007,-81.27588602,31.37894701,4.691393184,98.19212812
372,1291,30,24.54,2,Beach,R,South Beach,1,N31́ 22.739',W81́ 16.552',2,"2018-10-24, 12:16 PM",574.162657,-81.27586003,31.37898297,4.691393185,102.2143919
373,1292,27,36.74,3,Beach,R,South Beach,1,N31́ 22.741',W81́ 16.555',2,"2018-10-24, 12:17 PM",790.3529263,-81.27590898,31.37901197,5.658652354,105.3624598
374,1293,29,36.74,2,Beach,D,South Beach,1,N31́ 22.743',W81́ 16.557',2,"2018-10-24, 12:18 PM",833.636219,-81.27594503,31.37905799,6.14778825,110.4151008
375,1294,26,28.17,0,Beach,D,South Beach,1,N31́ 22.749',W81́ 16.556',1,"2018-10-24, 12:19 PM",578.3387761,-81.27593396,31.37914298,9.482004969,119.8526289
376,1295,47,44.78,2,Beach,U,South Beach,1,N31́ 22.760',W81́ 16.565',2,"2018-10-24, 12:21 PM",1643.148462,-81.27609003,31.37933702,3.102554576,141.1511691
377,1296,45,34.69,0,Beach,U,South Beach,1,N31́ 22.761',W81́ 16.564',2,"2018-10-24, 12:22 PM",1233.674532,-81.27606003,31.379348,3.102554576,142.4095209
378,1297,42,47.5,2,Dunes,D-L,South Beach,1,N31́ 22.760',W81́ 16.571',2,"2018-10-24, 12:23 PM",1577.315132,-81.27618399,31.37933903,3.693113391,141.2454142
379,1298,28,32.52,1,Dunes,U,South Beach,1,N31́ 22.759',W81́ 16.573',2,"2018-10-24, 12:25 PM",719.7495584,-81.27621501,31.379319,2.692860489,138.9823457
380,1299,40,50.96,1,Dunes,U,South Beach,1,N31́ 22.758',W81́ 16.574',2,"2018-10-24, 12:26 PM",1608.159917,-81.27623102,31.37929897,2.692860489,136.7398192
381,1300,42,40.16,3,Dunes,U,South Beach,1,N31́ 22.758',W81́ 16.576',2,"2018-10-24, 12:27 PM",1335.470931,-81.27626999,31.37929201,2.492023704,135.914872
382,1301,47,43.01,1,Dunes,D-L,South Beach,1,N31́ 22.756',W81́ 16.577',3,"2018-10-24, 12:28 PM",1588.334425,-81.27629103,31.37926703,1.788258509,133.1166834
383,1302,29,32.64,0,Dunes,U-L,South Beach,1,N31́ 22.757',W81́ 16.578',1,"2018-10-24, 12:29 PM",735.9922207,-81.27629397,31.37928296,1.788258509,134.8787322
384,1303,38,30.46,3,Beach,U,South Beach,1,N31́ 22.738',W81́ 16.572',1,"2018-10-24, 12:30 PM",911.474989,-81.27620302,31.37897199,5.604697006,100.5276543
385,1304,26,28.04,3,Beach,R,South Beach,1,N31́ 22.735',W81́ 16.572',4,"2018-10-24, 12:31 PM",579.6338977,-81.27619397,31.378917,1.802588844,94.4435994
386,1305,54,42.82,2,Beach,U-R,South Beach,1,N31́ 22.735',W81́ 16.574',4,"2018-10-24, 12:32 PM",1831.53061,-81.27623001,31.378916,1.839916444,94.28341304
387,1306,50,50.65,1,Beach,L,South Beach,1,N31́ 22.735',W81́ 16.573',2,"2018-10-24, 12:33 PM",1998.568149,-81.27621199,31.37892203,1.802588844,94.9765869
388,1307,57,43.99,2,Beach,U,South Beach,1,N31́ 22.734',W81́ 16.575',4,"2018-10-24, 12:34 PM",1981.077803,-81.27624803,31.37890502,2.102474388,93.04146005
389,1308,43,38.88,1,Beach,D-R,South Beach,1,N31́ 22.738',W81́ 16.577',3,"2018-10-24, 12:36 PM",1306.952809,-81.27627804,31.37896101,5.811762521,99.20769658
390,1309,35,34.41,3,Beach,D,South Beach,1,N31́ 22.741',W81́ 16.577',3,"2018-10-24, 12:37 PM",932.6517582,-81.276286,31.37901298,5.811762521,104.958433
391,1310,19,19.89,0,Beach,D,South Beach,1,N31́ 22.745',W81́ 16.576',2,"2018-10-24, 12:38 PM",298.2157612,-81.27626496,31.37909101,8.880134932,113.6379848
392,1311,37,29.59,1,Dunes,D-L,South Beach,1,N31́ 22.750',W81́ 16.584',3,"2018-10-24, 12:40 PM",860.3422699,-81.27639597,31.37916997,3.984940203,122.2125707
393,1312,34,44.84,2,Dunes,D,South Beach,1,N31́ 22.751',W81́ 16.586',3,"2018-10-24, 12:41 PM",1207.9518,-81.27643503,31.37918296,2.895261411,123.5992532
394,1313,26,34.98,2,Dunes,D,South Beach,1,N31́ 22.752',W81́ 16.588',3,"2018-10-24, 12:42 PM",719.7985672,-81.27646202,31.37919503,2.895261411,124.9004571
395,1314,34,33.49,2,Dunes,D,South Beach,1,N31́ 22.754',W81́ 16.585',2,"2018-10-24, 12:44 PM",907.452965,-81.27642103,31.37922596,4.950170726,128.3855849
396,1315,29,39.54,2,Dunes,U-L,South Beach,1,N31́ 22.756',W81́ 16.585',3,"2018-10-24, 12:45 PM",909.2799582,-81.27641399,31.379275,3.322909453,133.8320147
397,1316,37,35.49,3,Dunes,U-L,South Beach,1,N31́ 22.757',W81́ 16.587',2,"2018-10-24, 12:46 PM",1027.427561,-81.27644601,31.37928698,3.322909454,135.1163577
398,1317,48,45.12,1,Dunes,U,South Beach,1,N31́ 22.761',W81́ 16.587',3,"2018-10-24, 12:47 PM",1693.896493,-81.276444,31.37934297,0.831752244,141.3264133
399,1318,35,32.09,2,Dunes,U,South Beach,1,N31́ 22.761',W81́ 16.587',3,"2018-10-24, 12:48 PM",874.0548506,-81.27644702,31.37935001,0.831752244,142.1027673
400,1319,58,47.42,3,Dunes,D-L,South Beach,1,N31́ 22.762',W81́ 16.585',4,"2018-10-24, 12:51 PM",2143.740517,-81.27642103,31.37936703,1.148111533,144.0252447
401,1320,39,32.78,2,Dunes,U-R,South Beach,1,N31́ 22.763',W81́ 16.585',2,"2018-10-24, 12:52 PM",1008.960337,-81.276415,31.379376,1.148111534,145.0279507
402,1321,31,49.81,2,Dunes,U-R,South Beach,1,N31́ 22.764',W81́ 16.584',3,"2018-10-24, 12:53 PM",1212.741158,-81.27640402,31.37939201,1.336344467,146.8179165
403,1322,59,48.98,3,Dunes,D,South Beach,1,N31́ 22.763',W81́ 16.586',3,"2018-10-24, 12:53 PM",2265.81244,-81.27643503,31.37939,0.724716976,146.5526464
404,1323,30,33.56,3,Dunes,U-R,South Beach,1,N31́ 22.764',W81́ 16.585',4,"2018-10-24, 12:55 PM",783.3586414,-81.27641802,31.37939301,1.336344467,146.9096241
405,1324,30,45.34,2,Dunes,U-L,South Beach,1,N31́ 22.764',W81́ 16.586',2,"2018-10-24, 12:56 PM",1082.186463,-81.27643797,31.37939603,0.724716975,147.2171366
406,1325,57,45.34,2,Dunes,U,South Beach,1,N31́ 22.766',W81́ 16.588',3,"2018-10-24, 12:57 PM",2030.123405,-81.27647099,31.37944104,3.779162523,152.1619677
407,1326,56,44.65,3,Dunes,U,South Beach,1,N31́ 22.768',W81́ 16.587',5,"2018-10-24, 12:59 PM",1963.809568,-81.27645196,31.37947096,3.779162523,155.5050735
408,1327,45,60.98,3,Dunes,U,South Beach,1,N31́ 22.765',W81́ 16.591',4,"2018-10-24, 1:00 PM",2168.621303,-81.276516,31.37941598,5.10410373,149.322116
409,1328,52,47.88,2,Dunes,U,South Beach,1,N31́ 22.762',W81́ 16.590',4,"2018-10-24, 1:02 PM",1963.349953,-81.27649798,31.379362,2.109951451,143.3623046
410,1329,43,42.21,2,Dunes,U,South Beach,1,N31́ 22.761',W81́ 16.591',4,"2018-10-24, 1:04 PM",1414.912698,-81.27650997,31.37934599,2.109951451,141.5709577
411,1330,50,54.83,1,Dunes,D,South Beach,1,N31́ 22.752',W81́ 16.592',4,"2018-10-24, 1:05 PM",2144.987023,-81.27652899,31.37920501,3.497455243,125.9152512
412,1331,47,38.57,3,Beach,D,South Beach,1,N31́ 22.751',W81́ 16.593',4,"2018-10-24, 1:07 PM",1423.761937,-81.27654802,31.37917802,3.497455243,122.8969797
413,1332,29,33.9,3,Beach,U-R,South Beach,1,N31́ 22.727',W81́ 16.588',4,"2018-10-24, 1:09 PM",779.3136838,-81.27646697,31.37878298,2.987100462,79.2119545
414,1333,53,44.01,2,Beach,L,South Beach,1,N31́ 22.727',W81́ 16.590',4,"2018-10-24, 1:10 PM",1826.434318,-81.27649697,31.37877502,2.987100462,78.28842387
415,1334,48,52.5,3,Beach,L,South Beach,1,N31́ 22.726',W81́ 16.592',3,"2018-10-24, 1:10 PM",1966.008683,-81.27653796,31.37876596,3.303633417,77.22790589
416,1335,37,31.78,1,Beach,U,South Beach,1,N31́ 22.726',W81́ 16.594',3,"2018-10-24, 1:12 PM",934.500664,-81.27657199,31.37876001,3.303633417,76.52170083
417,1336,18,18.04,3,Beach,U,South Beach,1,N31́ 22.739',W81́ 16.598',4,"2018-10-24, 1:13 PM",250.9256026,-81.27663,31.37897601,6.370029367,100.3890701
418,1337,18,15.01,3,Beach,D,South Beach,1,N31́ 22.742',W81́ 16.597',4,"2018-10-24, 1:14 PM",208.6622279,-81.27661499,31.379032,3.900757922,106.6169116
419,1338,58,58,1,Beach,D,South Beach,1,N31́ 22.742',W81́ 16.599',4,"2018-10-24, 1:15 PM",2636.61305,-81.27665598,31.37903301,3.900757922,106.6728037
420,1339,47,45.64,1,Beach,D,South Beach,1,N31́ 22.750',W81́ 16.599',3,"2018-10-24, 1:17 PM",1673.271309,-81.27665799,31.37917399,10.47035575,122.2997358
421,1340,49,47.72,2,Dunes,U-R,South Beach,1,N31́ 22.756',W81́ 16.602',3,"2018-10-24, 1:18 PM",1824.487473,-81.276702,31.37926804,10.53658369,132.6663343
422,1341,23,23.41,2,Dunes,L,South Beach,1,N31́ 22.759',W81́ 16.608',4,"2018-10-24, 1:20 PM",416.2629116,-81.27679897,31.37931397,6.069843858,137.6256817
423,1342,40,34.22,1,Dunes,L,South Beach,1,N31́ 22.758',W81́ 16.612',4,"2018-10-24, 1:21 PM",1079.890745,-81.27685999,31.37929796,0.916613553,135.7969337
424,1343,38,37.32,1,Dunes,U-L,South Beach,1,N31́ 22.758',W81́ 16.612',3,"2018-10-24, 1:22 PM",1110.302932,-81.27686896,31.37930098,0.916613553,136.1399976
425,1344,35,30.7,1,Dunes,D-L,South Beach,1,N31́ 22.752',W81́ 16.615',4,"2018-10-24, 1:24 PM",832.3366992,-81.27692001,31.37920601,11.59570125,125.7720289
426,1345,45,38.14,1,Dunes,L,South Beach,1,N31́ 22.746',W81́ 16.617',5,"2018-10-24, 1:25 PM",1356.366292,-81.276947,31.37909797,12.25108363,113.9887958
427,1346,28,24.84,1,Beach,U,South Beach,1,N31́ 22.724',W81́ 16.615',4,"2018-10-24, 1:27 PM",540.0171577,-81.27692001,31.37872699,7.798162488,72.78657877
428,1347,14,17.46,3,Beach,U-R,South Beach,1,N31́ 22.724',W81́ 16.620',2,"2018-10-24, 1:28 PM",198.839253,-81.27700198,31.37872799,2.324067677,73.88521509
429,1348,38,35.96,1,Beach,R,South Beach,1,N31́ 22.724',W81́ 16.621',4,"2018-10-24, 1:29 PM",1061.368857,-81.27702202,31.37873998,1.524312661,75.46321339
430,1349,35,28.32,1,Beach,U,South Beach,1,N31́ 22.725',W81́ 16.623',5,"2018-10-24, 1:30 PM",773.8157396,-81.27704197,31.37874601,0.698925144,76.38544743
431,1350,32,31.51,1,Beach,D,South Beach,1,N31́ 22.725',W81́ 16.622',5,"2018-10-24, 1:31 PM",779.806207,-81.27703501,31.37874803,0.698925144,76.51661496
432,1351,28,32.34,0,Beach,U,South Beach,1,N31́ 22.727',W81́ 16.623',5,"2018-10-24, 1:31 PM",722.8776422,-81.277048,31.37878801,3.471398034,81.07691543
433,1352,45,43.2,3,Beach,L,South Beach,1,N31́ 22.729',W81́ 16.622',4,"2018-10-24, 1:32 PM",1526.474738,-81.27702696,31.378815,2.519636612,83.76709292
434,1353,42,41.28,0,Beach,D,South Beach,1,N31́ 22.731',W81́ 16.623',4,"2018-10-24, 1:34 PM",1367.851955,-81.27704901,31.37885104,3.570784474,88.01271402
435,1354,32,37.7,3,Beach,D-R,South Beach,1,N31́ 22.729',W81́ 16.623',4,"2018-10-24, 1:35 PM",947.5043443,-81.27705303,31.37881902,2.519636612,84.54831217
436,1355,23,30.19,1,Beach,D,South Beach,1,N31́ 22.734',W81́ 16.625',4,"2018-10-24, 1:36 PM",554.3671675,-81.27708304,31.37890301,6.609235429,94.16404357
437,1356,36,35,2,Dunes,D-R,South Beach,1,N31́ 22.751',W81́ 16.627',5,"2018-10-24, 1:38 PM",992.3505795,-81.27712201,31.37917601,0.882572995,124.6556533
438,1357,39,32.43,3,Beach,U-L,South Beach,1,N31́ 22.751',W81́ 16.627',5,"2018-10-24, 1:40 PM",988.7633519,-81.27712201,31.37918397,0.882572995,125.5299068
439,1358,37,27.24,2,Beach,U,South Beach,1,N31́ 22.752',W81́ 16.627',5,"2018-10-24, 1:41 PM",793.2986406,-81.27711296,31.37919797,1.775001062,126.9496144
440,1359,45,47.69,3,Dunes,U,South Beach,1,N31́ 22.756',W81́ 16.627',4,"2018-10-24, 1:42 PM",1687.001954,-81.27712302,31.37926301,7.274591909,134.2240969
441,1360,59,48.84,3,Dunes,U,South Beach,1,N31́ 22.760',W81́ 16.632',4,"2018-10-24, 1:42 PM",2277.748293,-81.27720701,31.37933903,7.464422719,143.6678531
442,1361,55,60.38,3,Dunes,D,South Beach,1,N31́ 22.755',W81́ 16.632',4,"2018-10-24, 1:43 PM",2590.208271,-81.27720499,31.37925404,2.045854019,134.3070096
443,1362,40,35.38,3,Dunes,U,South Beach,1,N31́ 22.756',W81́ 16.632',5,"2018-10-24, 1:45 PM",1116.497211,-81.27719996,31.37927198,2.045854019,136.211832
444,1363,54,49.62,3,Dunes,U,South Beach,1,N31́ 22.754',W81́ 16.638',4,"2018-10-24, 1:46 PM",2088.090659,-81.277293,31.37922898,1.310612066,132.7014543
445,1364,37,39.78,3,Dunes,D,South Beach,1,N31́ 22.754',W81́ 16.637',4,"2018-10-24, 1:49 PM",1165.993945,-81.27728001,31.37922504,1.310612066,132.0994556
446,1365,49,49.78,0,Dunes,D,South Beach,1,N31́ 22.754',W81́ 16.641',5,"2018-10-24, 1:50 PM",1929.4429,-81.27734397,31.37922596,3.154779438,133.0339275
447,1366,36,38.22,3,Dunes,D,South Beach,1,N31́ 22.752',W81́ 16.640',5,"2018-10-24, 1:51 PM",1066.53662,-81.27733801,31.37919797,3.154779438,129.8821016
448,1367,46,44.72,3,Dunes,D,South Beach,1,N31́ 22.749',W81́ 16.642',5,"2018-10-24, 1:52 PM",1627.951322,-81.27736702,31.37915396,5.605903905,125.4264623
449,1368,48,42.72,1,Beach,D-L,South Beach,1,N31́ 22.740',W81́ 16.642',5,"2018-10-24, 1:54 PM",1603.460094,-81.27736098,31.37900602,1.468649637,109.0993889
450,1369,54,48.14,1,Beach,U,South Beach,1,N31́ 22.740',W81́ 16.642',5,"2018-10-24, 1:54 PM",2025.809841,-81.277364,31.37899303,1.468649637,107.712039
451,1370,49,41.98,1,Beach,R,South Beach,1,N31́ 22.735',W81́ 16.642',4,"2018-10-24, 1:56 PM",1615.57973,-81.27736903,31.37892203,7.886723642,99.97959565
452,1371,22,29.02,1,Beach,R,South Beach,1,N31́ 22.724',W81́ 16.641',4,"2018-10-24, 1:57 PM",500.0620682,-81.27734296,31.37873302,2.813133814,78.88076979
453,1372,45,47.36,2,Beach,U-R,South Beach,1,N31́ 22.724',W81́ 16.642',3,"2018-10-24, 1:58 PM",1676.816282,-81.27737104,31.37874098,2.147208251,80.12092096
454,1373,53,41.8,1,Beach,L,South Beach,1,N31́ 22.725',W81́ 16.643',4,"2018-10-24, 1:59 PM",1740.627684,-81.27739099,31.37875004,2.147208251,81.37594795
455,1374,39,38.09,1,Beach,U,South Beach,1,N31́ 22.724',W81́ 16.645',3,"2018-10-24, 2:00 PM",1170.306724,-81.27741597,31.37872799,3.409328966,79.27968325
456,1375,47,51.79,1,Beach,U-L,South Beach,1,N31́ 22.728',W81́ 16.650',4,"2018-10-24, 2:01 PM",1910.134201,-81.27750498,31.378801,11.71413076,88.45828617
457,1376,40,47.18,1,Beach,U-R,South Beach,1,N31́ 22.735',W81́ 16.648',3,"2018-10-24, 2:02 PM",1464.787524,-81.27746802,31.378916,9.44008356,100.6072134
458,1377,52,40.03,3,Beach,U,South Beach,1,N31́ 22.741',W81́ 16.654',3,"2018-10-24, 2:04 PM",1635.482191,-81.27757397,31.37902404,14.44671156,113.8539297
459,1378,47,50.78,1,Dunes,U,South Beach,1,N31́ 22.750',W81́ 16.658',5,"2018-10-24, 2:05 PM",1868.097178,-81.27764102,31.37916,4.074744124,129.6602311
460,1379,43,34.92,2,Dunes,U-R,South Beach,1,N31́ 22.748',W81́ 16.660',4,"2018-10-24, 2:06 PM",1171.094635,-81.27766399,31.37912898,4.063438681,126.5525972
461,1380,44,44.28,2,Dunes,U-R,South Beach,1,N31́ 22.749',W81́ 16.662',4,"2018-10-24, 2:07 PM",1519.773721,-81.27770296,31.37914399,3.245096883,128.7089663
462,1381,38,29.24,2,Dunes,U-R,South Beach,1,N31́ 22.751',W81́ 16.661',4,"2018-10-24, 2:09 PM",861.1890862,-81.27768796,31.37917701,0.734829749,132.1401162
463,1382,41,28.92,2,Dunes,U,South Beach,1,N31́ 22.750',W81́ 16.662',4,"2018-10-24, 2:10 PM",922.6310986,-81.27769299,31.37917198,0.734829749,131.6532123
464,1383,62,73.86,3,Dunes,U,South Beach,1,N31́ 22.750',W81́ 16.662',4,"2018-10-24, 2:11 PM",3593.108947,-81.27770799,31.37917399,1.44416359,132.069434
465,1384,30,33.29,2,Beach,D,South Beach,1,N31́ 22.725',W81́ 16.667',3,"2018-10-24, 2:14 PM",789.3448677,-81.27777999,31.37875498,12.1181132,86.98747314
466,1385,50,36.68,1,Beach,U-R,South Beach,1,N31́ 22.722',W81́ 16.674',3,"2018-10-24, 2:15 PM",1435.234719,-81.27789499,31.37870796,3.360581503,83.3217932
467,1386,15,15.84,2,Beach,D,South Beach,1,N31́ 22.724',W81́ 16.675',3,"2018-10-24, 2:16 PM",185.8641612,-81.27791301,31.37873403,3.360581503,86.41989922
468,1387,28,33.72,2,Dunes,U,South Beach,1,N31́ 22.735',W81́ 16.680',3,"2018-10-24, 2:18 PM",746.3085826,-81.277997,31.37891198,1.431169548,107.0587537
469,1388,29,30.36,1,Dunes,U,South Beach,1,N31́ 22.735',W81́ 16.681',3,"2018-10-24, 2:20 PM",695.7880029,-81.278012,31.37891298,1.431169548,107.2898464
470,1389,52,52.88,3,Dunes,D,South Beach,1,N31́ 22.738',W81́ 16.682',3,"2018-10-24, 2:21 PM",2147.612216,-81.27802801,31.378974,4.001237262,114.0261648
471,1390,36,28.88,3,Dunes,R,South Beach,1,N31́ 22.740',W81́ 16.683',3,"2018-10-24, 2:23 PM",806.355728,-81.27804201,31.37900803,4.001237262,117.7739899
472,1391,39,42.54,3,Dunes,D-R,South Beach,1,N31́ 22.739',W81́ 16.687',2,"2018-10-24, 2:24 PM",1304.35911,-81.27811996,31.37898599,3.643776884,115.1935156
473,1392,33,39.18,2,Dunes,U-R,South Beach,1,N31́ 22.737',W81́ 16.688',2,"2018-10-24, 2:25 PM",1023.473395,-81.27813798,31.37895699,3.643776885,111.946949
474,1393,29,34.68,3,Beach,U,South Beach,1,N31́ 22.720',W81́ 16.690',3,"2018-10-24, 2:27 PM",799.1514277,-81.27816397,31.37866597,15.89410066,79.63959989
475,1394,47,46.2,1,Beach,D,South Beach,1,N31́ 22.720',W81́ 16.700',2,"2018-10-24, 2:28 PM",1712.670651,-81.27833102,31.37866898,2.697771152,79.67930851
476,1395,38,42.24,1,Beach,D,South Beach,1,N31́ 22.721',W81́ 16.701',2,"2018-10-24, 2:29 PM",1275.918901,-81.27834301,31.37869103,2.697771152,82.10260704
477,1396,62,67.38,1,Dunes,U,South Beach,1,N31́ 22.734',W81́ 16.699',2,"2018-10-24, 2:30 PM",3291.631977,-81.27832096,31.37890401,18.37038956,105.7517376
478,1397,56,55.7,1,Beach,D,South Beach,1,N31́ 22.725',W81́ 16.723',2,"2018-10-24, 2:33 PM",2462.063021,-81.278716,31.37874199,5.767102445,87.09559211
479,1398,23,30.19,3,Beach,D-L,South Beach,1,N31́ 22.723',W81́ 16.726',2,"2018-10-24, 2:34 PM",537.5322364,-81.27877199,31.37872204,5.767102445,84.78548831
480,1399,45,48.28,1,Beach,L,South Beach,1,N31́ 22.718',W81́ 16.726',4,"2018-10-24, 2:36 PM",1706.73524,-81.278774,31.378628,2.49510045,74.35695691
481,1400,48,47.84,2,Beach,D,South Beach,1,N31́ 22.717',W81́ 16.726',3,"2018-10-24, 2:37 PM",1785.490255,-81.27876,31.37860897,2.49510045,72.27197829
482,1401,57,44.82,3,Beach,U,South Beach,1,N31́ 22.715',W81́ 16.730',4,"2018-10-24, 2:38 PM",2001.559888,-81.27883997,31.37859103,7.495530406,70.14251158
483,1402,26,28.54,3,Beach,L,South Beach,1,N31́ 22.715',W81́ 16.736',3,"2018-10-24, 2:39 PM",576.0722741,-81.27893703,31.37858198,8.491856552,68.9685047
484,1403,50,49.54,1,Beach,D,South Beach,1,N31́ 22.720',W81́ 16.738',2,"2018-10-24, 2:40 PM",1945.431251,-81.27896603,31.37866102,0.800035085,77.67962854
485,1404,33,36.34,2,Beach,L,South Beach,1,N31́ 22.719',W81́ 16.738',2,"2018-10-24, 2:42 PM",941.2943581,-81.27896,31.37865599,0.800035085,77.13262542
486,1405,50,38.82,3,Beach,R,South Beach,1,N31́ 22.723',W81́ 16.738',3,"2018-10-24, 2:43 PM",1521.713811,-81.27896301,31.37872104,1.630744464,84.33858043
487,1406,44,50.56,3,Beach,D,South Beach,1,N31́ 22.724',W81́ 16.737',2,"2018-10-24, 2:44 PM",1743.654294,-81.27895497,31.37873403,1.630744464,85.79275699
488,1407,44,61.08,2,Beach,D-L,South Beach,1,N31́ 22.724',W81́ 16.739',2,"2018-10-24, 2:45 PM",2105.97606,-81.27897802,31.37873403,2.028073078,85.75220838
489,1408,45,44.1,3,Beach,D-L,South Beach,1,N31́ 22.720',W81́ 16.746',2,"2018-10-24, 2:47 PM",1553.080886,-81.27909201,31.37866697,8.121604377,76.39175173
490,1409,25,30.28,3,Beach,R,South Beach,1,N31́ 22.716',W81́ 16.745',2,"2018-10-24, 2:48 PM",589.7900384,-81.27908497,31.37859397,8.121604377,68.64786752
491,1410,40,46.94,1,Beach,D,South Beach,1,N31́ 22.723',W81́ 16.753',2,"2018-10-24, 2:51 PM",1474.663592,-81.27921204,31.37871198,7.31984927,78.72587998
492,1411,31,34.76,3,Beach,D,South Beach,1,N31́ 22.723',W81́ 16.757',2,"2018-10-24, 2:52 PM",846.313645,-81.27928899,31.37871198,7.31984927,77.10256344
493,1412,20,29.36,3,Beach,D,South Beach,1,N31́ 22.723',W81́ 16.765',2,"2018-10-24, 2:54 PM",456.5739435,-81.27941798,31.37871902,10.22422057,75.1425667
494,1413,36,36.22,0,Beach,U,South Beach,1,N31́ 22.714',W81́ 16.765',3,"2018-10-24, 2:55 PM",1017.838006,-81.27941497,31.37856496,2.959694615,58.54984735
495,1414,30,27.57,3,Beach,D,South Beach,1,N31́ 22.713',W81́ 16.766',3,"2018-10-24, 2:58 PM",643.323327,-81.27943802,31.37854703,2.959694614,56.12508902
496,1415,60,54.18,3,Beach,U-L,South Beach,1,N31́ 22.714',W81́ 16.772',2,"2018-10-24, 2:59 PM",2550.193648,-81.27952703,31.37856999,8.841486606,56.72969596
497,1416,37,28.76,2,Beach,L,South Beach,1,N31́ 22.720',W81́ 16.771',2,"2018-10-24, 3:00 PM",833.0473275,-81.27950901,31.37866999,10.22422057,67.92135271
498,1417,49,47.21,3,Beach,R,South Beach,1,N31́ 22.715',W81́ 16.778',4,"2018-10-24, 3:03 PM",1811.662707,-81.27962502,31.37858198,0.485000489,55.95884985
499,1418,58,58.9,3,Beach,U-L,South Beach,1,N31́ 22.715',W81́ 16.778',2,"2018-10-24, 3:05 PM",2684.927604,-81.27962703,31.378586,0.485000489,56.35107102
500,1419,51,49.84,2,Beach,D-L,South Beach,1,N31́ 22.716',W81́ 16.785',4,"2018-10-24, 3:06 PM",1986.178964,-81.27974597,31.37860402,1.170755028,55.81362034
501,1420,34,37.78,2,Beach,D-R,South Beach,1,N31́ 22.717',W81́ 16.785',2,"2018-10-24, 3:08 PM",1021.91548,-81.27974999,31.378614,1.170755028,56.82834602
502,1421,30,24.3,2,Beach,R,South Beach,1,N31́ 22.723',W81́ 16.792',3,"2018-10-24, 3:09 PM",568.5473743,-81.27987203,31.37872296,6.344804473,67.9575317
503,1422,33,28.27,3,Beach,D,South Beach,1,N31́ 22.720',W81́ 16.792',2,"2018-10-24, 3:11 PM",724.7126464,-81.279866,31.37866597,6.344804472,61.63133411
504,1423,53,56.47,2,Beach,R,South Beach,1,N31́ 22.715',W81́ 16.793',3,"2018-10-24, 3:12 PM",2341.312216,-81.27988502,31.37858399,6.281409661,52.59438802
505,1424,33,34.7,2,Beach,D-R,South Beach,1,N31́ 22.713',W81́ 16.796',3,"2018-10-24, 3:13 PM",906.9903655,-81.27993699,31.37854904,6.281409661,48.93207541
506,1425,42,44.5,2,Beach,R,South Beach,1,N31́ 22.714',W81́ 16.802',3,"2018-10-24, 3:14 PM",1481.19025,-81.28003003,31.37856798,9.096148226,51.40494127
507,1426,47,54,3,Beach,D-L,South Beach,1,N31́ 22.724',W81́ 16.809',3,"2018-10-24, 3:16 PM",1976.800053,-81.28014302,31.37874098,21.98759914,71.02440857
508,1427,53,49.19,0,Beach,D-R,South Beach,1,N31́ 22.720',W81́ 16.829',2,"2018-10-24, 3:25 PM",2036.770544,-81.28048299,31.378672,17.79898827,64.75251024
509,1428,57,52.74,3,Beach,D,South Beach,1,N31́ 22.730',W81́ 16.836',3,"2018-10-24, 3:26 PM",2347.793243,-81.28059799,31.37883201,10.32527493,74.75880355
510,1429,63,66.5,2,Beach,L,South Beach,1,N31́ 22.725',W81́ 16.839',3,"2018-10-24, 3:27 PM",3299.826822,-81.28064903,31.37874601,9.994000447,64.86511488
511,1430,27,31.89,2,Beach,L,South Beach,1,N31́ 22.720',W81́ 16.848',1,"2018-10-24, 3:28 PM",672.243965,-81.28080703,31.37866203,14.53714936,47.39519162
512,1431,49,63.18,1,Beach,U-L,South Beach,1,N31́ 22.729',W81́ 16.843',0,"2018-10-24, 3:30 PM",2415.572476,-81.28071802,31.37881399,3.202523392,64.66468703
513,1432,51,51.31,3,Beach,D-L,South Beach,1,N31́ 22.730',W81́ 16.842',3,"2018-10-24, 3:31 PM",2035.491366,-81.28070603,31.37884098,3.202523392,66.5151278
514,1433,30,44.72,3,Beach,D-L,South Beach,1,N31́ 22.732',W81́ 16.844',2,"2018-10-24, 3:32 PM",1060.012317,-81.28073604,31.37886403,3.831554774,64.3875431
515,1434,60,48.84,2,Beach,U-R,South Beach,1,N31́ 22.726',W81́ 16.854',2,"2018-10-24, 3:34 PM",2297.311305,-81.28089203,31.37877099,12.454045,47.44611707
516,1435,53,44.26,2,Beach,U-R,South Beach,1,N31́ 22.728',W81́ 16.862',1,"2018-10-24, 3:35 PM",1838.547514,-81.28102899,31.37880804,1.659693791,35.85295415
517,1436,26,33.54,3,Beach,U,South Beach,1,N31́ 22.729',W81́ 16.861',1,"2018-10-24, 3:36 PM",678.5764734,-81.28101298,31.37881399,1.659693791,37.49226848
518,1437,50,51.19,3,Beach,L,South Beach,1,N31́ 22.731',W81́ 16.860',1,"2018-10-24, 3:36 PM",2002.587738,-81.281003,31.37884601,3.674986378,39.29656041
519,1438,52,47.93,3,Beach,U-R,South Beach,1,N31́ 22.734',W81́ 16.858',1,"2018-10-24, 3:37 PM",1963.518028,-81.28096998,31.37889697,6.464610593,43.74677832
520,1439,47,70,3,Beach,D,South Beach,1,N31́ 22.737',W81́ 16.865',2,"2018-10-24, 3:38 PM",2588.907966,-81.28108598,31.37895598,12.82837191,34.69141159
521,1440,64,62.61,0,Beach,R,South Beach,1,N31́ 22.744',W81́ 16.871',2,"2018-10-24, 3:40 PM",3148.59707,-81.28118598,31.37906604,1.66368177,28.52085171
522,1441,39,40.16,3,Beach,U-L,South Beach,1,N31́ 22.744',W81́ 16.870',2,"2018-10-24, 3:41 PM",1218.451631,-81.28116997,31.37906,1.66368177,29.82880249
523,1442,25,28.68,3,Beach,D,South Beach,1,N31́ 22.747',W81́ 16.871',2,"2018-10-24, 3:42 PM",560.652709,-81.28118296,31.37911599,5.545701984,30.17949692